,group,y1,y2,y3,y4,y5
0,qp02z5,0.15523502,0.15402487,0.15281473,0.15309292,0.1533711
0,qp02z6,0.15308799,0.15162712,0.15016626,0.1506167,0.15106717
0,qp02z7,0.1524861,0.15075701,0.14902793,0.1492399,0.14945187
0,qp02z9,0.14763962,0.1466293,0.145619,0.14571816,0.14581732
0,qp02zc,0.14122595,0.1403585,0.13949104,0.13947994,0.13946883
0,qp02zd,0.14822373,0.14677012,0.14531651,0.14555931,0.14580211
0,qp02ze,0.14720304,0.14594045,0.14467785,0.1448349,0.14499196
0,qp02zh,0.15605482,0.1545856,0.15311639,0.15355352,0.15399063
0,qp02zj,0.15683486,0.15526739,0.15369992,0.15421174,0.15472357
0,qp02zk,0.15235955,0.1510331,0.14970666,0.15008888,0.15047109
0,qp02zm,0.15179962,0.15039632,0.14899303,0.14941218,0.14983134
0,qp02zn,0.15638922,0.15490738,0.15342551,0.15395924,0.15449299
0,qp02zp,0.15579395,0.15413325,0.15247254,0.15283665,0.15320078
0,qp02zq,0.15140672,0.15007791,0.14874908,0.14920938,0.14966969
0,qp02zr,0.15140854,0.14969686,0.14798518,0.1485815,0.14917783
0,qp02zs,0.14536685,0.14418948,0.14301212,0.14327767,0.14354324
0,qp02zt,0.14464176,0.1432991,0.14195643,0.1418646,0.14177275
0,qp02zu,0.13628624,0.13582042,0.13535461,0.13521284,0.13507108
0,qp02zv,0.13626021,0.13552219,0.13478415,0.13459009,0.13439605
0,qp02zx,0.12725616,0.126416,0.12557586,0.12394598,0.12231611
0,qp02zy,0.13481475,0.13408025,0.13334574,0.1330503,0.13275485
0,qp03jq,0.039822757,0.039798792,0.039774828,0.036795504,0.03381618
0,qp03jr,0.0378747,0.037828103,0.037781507,0.0350591,0.03233669
0,qp03jw,0.049805984,0.049945433,0.05008488,0.046546146,0.04300741
0,qp03jx,0.04889778,0.048957836,0.04901789,0.045606457,0.042195022
0,qp03jy,0.052077703,0.05222546,0.052373216,0.049258087,0.046142958
0,qp03m2,0.038258195,0.038435422,0.03861265,0.03541246,0.032212272
0,qp03m3,0.039217062,0.039493334,0.039769605,0.036459014,0.033148423
0,qp03m6,0.031486705,0.031384055,0.031281404,0.028980877,0.02668035
0,qp03m7,0.038221404,0.03838201,0.038542613,0.035437953,0.032333292
0,qp03m8,0.049428277,0.04941838,0.04940848,0.04598524,0.042562
0,qp03mc,0.0642108,0.06464503,0.06507926,0.061097026,0.057114795
0,qp03md,0.045433648,0.04563692,0.04584019,0.042334776,0.038829364
0,qp03mk,0.035689294,0.035771843,0.03585439,0.03302417,0.030193947
0,qp03mm,0.037138015,0.03753286,0.037927702,0.034527566,0.03112743
0,qp03mq,0.036502182,0.036701974,0.036901765,0.03384821,0.030794658
0,qp03mr,0.035885215,0.036157757,0.0364303,0.03332656,0.030222818
0,qp03ms,0.042889923,0.04299377,0.043097615,0.03986686,0.036636107
0,qp03mt,0.04395105,0.044172198,0.044393346,0.040808138,0.03722293
0,qp03mu,0.03459403,0.033132568,0.032188967,0.031781778,0.034500256
1,qp03mu,0.034147754,0.034942612,0.034544542,0.034537982,0.03302502
2,qp03mu,0.032085158,0.03164294,0.03430124,0.033964403,0.03471279
3,qp03mu,0.034445066,0.034481935,0.03291747,0.03198135,0.031504102
4,qp03mu,0.034102224,0.03378105,0.03448297,0.03434559,0.032135323
5,qp03mu,0.030593757,0.029720608,0.029329564,0.03190556,0.031546447
6,qp03mu,0.032265216,0.031789474,0.02978871,0.028270043,0.027459867
7,qp03mu,0.027155027,0.0297089,0.029311843,0.030047461,0.029233359
0,qp03mx,0.044385657,0.04483772,0.045289785,0.04133088,0.03737198
0,qp03my,0.052299067,0.05283979,0.05338051,0.049613513,0.045846514
0,qp03mz,0.04515858,0.043911852,0.042407826,0.041392505,0.041288868
1,qp03mz,0.045505635,0.044255026,0.04277752,0.041703314,0.041513506
2,qp03mz,0.04585269,0.0445982,0.043147214,0.042014122,0.041738145
3,qp03mz,0.042227194,0.041031014,0.039583515,0.038489405,0.038280595
4,qp03mz,0.038601696,0.03746383,0.036019817,0.034964688,0.034823045
0,qp03nb,0.1562367,0.15489446,0.15355222,0.153974,0.15439576
0,qp03nd,0.14583202,0.14494297,0.14405392,0.14405018,0.14404643
0,qp03nf,0.15786424,0.15664577,0.15542732,0.1557981,0.15616888
0,qp03np,0.091782905,0.09059106,0.0893992,0.08715753,0.08491587
0,qp03nr,0.12374434,0.1232168,0.12268926,0.12132121,0.119953156
0,qp03nw,0.1385802,0.13784382,0.13710745,0.13587949,0.13465154
0,qp03nz,0.0980822,0.090631604,0.085423864,0.09757184,0.09003479
1,qp03nz,0.08466374,0.097061485,0.08943798,0.08390362,0.09454949
2,qp03nz,0.0870872,0.08166587,0.09203749,0.084736414,0.07942812
0,qp03p0,0.15635455,0.15508583,0.15381712,0.15424246,0.15466781
0,qp03p1,0.15633519,0.15505931,0.15378341,0.1542441,0.1547048
0,qp03p2,0.15001032,0.14858799,0.14716566,0.14747429,0.14778294
0,qp03p3,0.14838374,0.14710803,0.14583233,0.14631397,0.14679562
0,qp03p4,0.15607879,0.15480843,0.15353806,0.15402564,0.15451321
0,qp03p6,0.14616518,0.14524227,0.14431939,0.14472538,0.14513138
0,qp03p7,0.1463336,0.14493623,0.14353885,0.14416009,0.14478132
0,qp03p8,0.13584824,0.13483629,0.13382432,0.13293675,0.13204917
0,qp03p9,0.13915664,0.1380523,0.13694796,0.13690323,0.1368585
0,qp03pb,0.12520948,0.12479764,0.124385804,0.122931175,0.121476546
0,qp03pc,0.12865245,0.12847227,0.12829207,0.12822905,0.12816602
0,qp03pd,0.13680364,0.13591546,0.13502727,0.1348463,0.13466534
0,qp03pe,0.13372713,0.13296139,0.13219567,0.1316582,0.13112073
0,qp03pf,0.12735698,0.1272574,0.12715784,0.12709701,0.1270362
0,qp03pk,0.14515275,0.14372924,0.14230573,0.14295106,0.14359638
0,qp03pp,0.139376,0.13764523,0.13591446,0.13523059,0.13454671
0,qp03ps,0.13366649,0.13282378,0.13198107,0.13227007,0.13255906
0,qp03pt,0.13131952,0.13110965,0.1308998,0.13117772,0.13145563
0,qp03pv,0.12416364,0.12445291,0.12474218,0.12449628,0.12425038
0,qp03pw,0.12334942,0.12301117,0.12267293,0.12144256,0.12021219
0,qp03pz,0.114873566,0.11438564,0.11389772,0.11294849,0.11199926
0,qp03q0,0.09177706,0.09205294,0.09232882,0.08952199,0.08671517
0,qp03q1,0.06771718,0.06634362,0.067314304,0.06562148,0.06691143
1,qp03q1,0.06489933,0.06427546,0.06267746,0.061639488,0.060455576
0,qp03q2,0.08504656,0.0833831,0.08386184,0.0820415,0.08267712
1,qp03q2,0.0806999,0.08114743,0.079463735,0.07961775,0.078227565
0,qp03q4,0.094364755,0.09464572,0.094926685,0.091595545,0.088264406
0,qp03q5,0.091105506,0.091312215,0.091518916,0.088107884,0.08469686
0,qp03q6,0.0565356,0.060095295,0.059104696,0.054352626,0.058085714
1,qp03q6,0.05694418,0.05216965,0.05607613,0.054783665,0.052046195
2,qp03q6,0.055944365,0.054749064,0.05192274,0.055812597,0.054714464
0,qp03q7,0.1073883,0.10657132,0.10575433,0.104035646,0.10231696
0,qp03q8,0.08887208,0.08706116,0.088221885,0.09082046,0.08535288
1,qp03q8,0.07968016,0.07883415,0.08831395,0.08662035,0.08760613
2,qp03q8,0.09007675,0.084505185,0.07883873,0.077882245,0.087755814
3,qp03q8,0.08617955,0.08699038,0.08933304,0.08365749,0.0779973
4,qp03q8,0.076930344,0.08561631,0.08404829,0.0850046,0.08716207
5,qp03q8,0.08163171,0.07616631,0.075138815,0.08347681,0.08191704
6,qp03q8,0.08301882,0.0849911,0.07960594,0.07433532,0.073347285
0,qp03q9,0.12666701,0.1257812,0.12489539,0.123190984,0.12148658
0,qp03qe,0.14436649,0.14340702,0.14244756,0.14159283,0.1407381
0,qp03qf,0.093588814,0.08772634,0.0906866,0.08664954,0.086596444
1,qp03qf,0.08750872,0.09277715,0.08698975,0.08984241,0.08587845
2,qp03qf,0.08584049,0.08677844,0.09196548,0.086253166,0.08899821
3,qp03qf,0.08510736,0.08508454,0.086048156,0.08982915,0.08439108
4,qp03qf,0.087022185,0.083215445,0.083223164,0.08423199,0.08769281
5,qp03qf,0.08252899,0.085046165,0.081323534,0.08136178,0.08241582
0,qp03qg,0.076966085,0.073688954,0.07603347,0.0726424,0.07510087
1,qp03qg,0.071595855,0.07303025,0.0698006,0.07095963,0.068005346
0,qp03qj,0.08809279,0.088777736,0.08946268,0.08553268,0.08160267
0,qp03qk,0.12505202,0.12397289,0.122893766,0.12194034,0.12098691
0,qp03qn,0.07661197,0.077811345,0.079010725,0.07474613,0.070481546
0,qp03qq,0.124503255,0.12361374,0.12272422,0.121220626,0.11971703
0,qp03qr,0.12202441,0.12091676,0.11980911,0.11786862,0.11592813
0,qp03qt,0.16094986,0.15991032,0.15887079,0.15904427,0.15921773
0,qp03qu,0.16327009,0.160873,0.1584759,0.15912901,0.15978211
0,qp03qv,0.07028446,0.071086645,0.07231219,0.07215027,0.06932245
1,qp03qv,0.07011053,0.07126108,0.07091676,0.06836043,0.069134414
2,qp03qv,0.07020997,0.06968325,0.06698009,0.067639455,0.06871838
3,qp03qv,0.06807728,0.06559976,0.066144496,0.06722679,0.06647132
0,qp03qw,0.16308825,0.1620237,0.16095912,0.16117612,0.16139312
0,qp03qx,0.15883522,0.15745646,0.15607771,0.15627638,0.15647502
0,qp03qz,0.16946004,0.16726159,0.16506313,0.16630071,0.16753829
0,qp03r0,0.10271156,0.10226701,0.101549976,0.10396108,0.107976854
1,qp03r0,0.10590711,0.10577636,0.10251349,0.10205784,0.101557106
2,qp03r0,0.10384203,0.107518524,0.10545265,0.105207786,0.102315426
3,qp03r0,0.10184866,0.10156423,0.103722975,0.107060194,0.104998186
4,qp03r0,0.10463922,0.09981753,0.09940151,0.098987326,0.10130422
5,qp03r0,0.10479574,0.10273428,0.102360204,0.097319625,0.09695436
6,qp03r0,0.09641042,0.098885454,0.102531284,0.10047038,0.1000812
0,qp03r1,0.08368713,0.0828229,0.08195867,0.08034104,0.078723416
0,qp03r3,0.11245516,0.11167552,0.11089589,0.10885344,0.10681099
0,qp03r7,0.12974218,0.12872553,0.12770887,0.12722349,0.1267381
0,qp03r9,0.07009714,0.07012163,0.07075399,0.070447214,0.071410835
1,qp03r9,0.0707728,0.06975913,0.06902075,0.068107426,0.06726869
0,qp03rb,0.11951876,0.119305946,0.119093135,0.11826286,0.11743259
0,qp03rc,0.124475434,0.124539346,0.12460325,0.12463376,0.12466427
0,qp03re,0.06469138,0.06511098,0.06553058,0.06425436,0.062978126
0,qp03rf,0.11092832,0.11107522,0.111222126,0.109384745,0.10754736
0,qp03rg,0.09508646,0.0955347,0.09598294,0.0931749,0.090366855
0,qp03rj,0.07610702,0.07755695,0.079006895,0.076282516,0.07355814
0,qp03rk,0.08121065,0.08123508,0.081259504,0.07937298,0.077486455
0,qp03rm,0.13354422,0.13218725,0.13083029,0.13150203,0.13217376
0,qp03rp,0.13483848,0.13735357,0.14072095,0.13880649,0.13762751
1,qp03rp,0.13399437,0.13645652,0.13405363,0.13367954,0.1359607
2,qp03rp,0.13890946,0.13702288,0.13580662,0.13250238,0.1346283
3,qp03rp,0.13239308,0.13252059,0.13456781,0.13709797,0.13523929
4,qp03rp,0.13398574,0.13101037,0.13280009,0.13073252,0.13159913
5,qp03rp,0.13393831,0.13688517,0.13487855,0.13350686,0.1300447
6,qp03rp,0.13201927,0.12959325,0.13067766,0.13330883,0.13667235
7,qp03rp,0.13451782,0.13302799,0.12907903,0.13123845,0.12845398
0,qp03rq,0.09999074,0.099152185,0.09831363,0.09641501,0.094516404
0,qp03rs,0.107240394,0.10683998,0.10643956,0.10472818,0.1030168
0,qp03rt,0.1107759,0.11032872,0.10988153,0.10832137,0.1067612
0,qp03ru,0.101489544,0.10180382,0.10211809,0.099682204,0.09724632
0,qp03rv,0.09010666,0.09052734,0.090948015,0.08802661,0.0851052
0,qp03rw,0.1224525,0.12139472,0.12033695,0.12026797,0.12019899
0,qp03rz,0.05507773,0.05204068,0.049966007,0.04953698,0.056020256
1,qp03rz,0.05272891,0.050291177,0.049721353,0.05696278,0.05341714
2,qp03rz,0.050616346,0.049905725,0.055459354,0.051961713,0.04931818
3,qp03rz,0.04875158,0.053955927,0.050506286,0.048020013,0.047597438
0,qp03t2,0.03525828,0.035581306,0.035904333,0.032717172,0.029530011
0,qp03t3,0.034593984,0.03488842,0.035182856,0.032074887,0.028966919
0,qp03t7,0.031682134,0.03167864,0.031675145,0.029245332,0.026815519
0,qp03t8,0.04216645,0.042462148,0.042757846,0.039221834,0.035685822
0,qp03tb,0.04564645,0.045900185,0.046153918,0.04303135,0.03990878
0,qp03td,0.041373245,0.041769356,0.042165466,0.038522042,0.03487862
0,qp03te,0.039173074,0.03948554,0.039798006,0.036432575,0.033067144
0,qp03tf,0.048344195,0.04895214,0.049560085,0.04563565,0.04171122
0,qp03tm,0.03215313,0.032522865,0.0328926,0.02990124,0.02690988
0,qp03ts,0.023668304,0.023274735,0.022978604,0.022628538,0.022288904
1,qp03ts,0.021982342,0.0217674,0.021458529,0.021245897,0.020934716
0,qp03tt,0.037999928,0.0385312,0.03906247,0.035476495,0.03189052
0,qp03tu,0.041640095,0.04076656,0.040898323,0.04194373,0.04107226
1,qp03tu,0.041214656,0.042247362,0.04137796,0.04153099,0.038794335
2,qp03tu,0.03796715,0.038107578,0.035341308,0.034556337,0.034684166
0,qp03tv,0.04339683,0.043695275,0.04399372,0.04090522,0.03781672
0,qp03tw,0.035600826,0.035723418,0.03584601,0.03302214,0.030198269
0,qp03tx,0.036233634,0.036593962,0.03695429,0.033683416,0.03041254
0,qp03ty,0.04661978,0.047112197,0.047604613,0.043784555,0.039964497
0,qp03tz,0.043751724,0.0441663,0.044580877,0.04109977,0.037618667
0,qp03v9,0.033876866,0.034254145,0.034631424,0.03158296,0.028534494
0,qp03vb,0.044056244,0.044682033,0.045307823,0.041434556,0.03756129
0,qp03w0,0.043293692,0.0437714,0.04239346,0.040648483,0.04284803
1,qp03w0,0.043061607,0.041866615,0.040345106,0.042402364,0.042351812
2,qp03w0,0.04133977,0.04004173,0.04037933,0.040743235,0.039417237
3,qp03w0,0.037958793,0.038356297,0.03913466,0.037494704,0.035875857
0,qp03w1,0.038072735,0.03957583,0.042011388,0.042062305,0.037635326
1,qp03w1,0.03892169,0.041422427,0.041618355,0.037197918,0.038267553
2,qp03w1,0.040833466,0.041174404,0.035091173,0.036348686,0.0387788
3,qp03w1,0.038813338,0.032984428,0.03442982,0.036724135,0.03645227
0,qp03w2,0.12218873,0.12155715,0.12092556,0.11851851,0.11611146
0,qp03w8,0.091630794,0.09688248,0.09404394,0.09286733,0.087872796
1,qp03w8,0.09060216,0.09561726,0.09269212,0.09141073,0.086275
2,qp03w8,0.08957352,0.09435204,0.0913403,0.08995412,0.08467719
3,qp03w8,0.08767588,0.09244211,0.08943701,0.0879821,0.08281234
4,qp03w8,0.08577824,0.09053218,0.08753371,0.08601008,0.08094748
0,qp03wb,0.1756055,0.17321151,0.17081751,0.17243455,0.1740516
0,qp03wd,0.09820886,0.10608465,0.115178466,0.11342344,0.115303844
1,qp03wd,0.10528526,0.100539654,0.09420606,0.088424504,0.08869332
2,qp03wd,0.09711807,0.105007365,0.11396994,0.112182945,0.11394304
3,qp03wd,0.10382421,0.09902187,0.092588596,0.08667186,0.08683889
4,qp03wd,0.096027285,0.10393007,0.11276141,0.11094245,0.11258224
5,qp03wd,0.10236317,0.09750408,0.090971135,0.084919214,0.08498447
6,qp03wd,0.09419885,0.10201579,0.11087291,0.10900129,0.11071794
7,qp03wd,0.10042663,0.095487095,0.089010715,0.08307,0.083146214
8,qp03wd,0.09237042,0.10010152,0.10898442,0.10706012,0.10885364
9,qp03wd,0.09849008,0.09347011,0.08705029,0.08122079,0.08130796
0,qp03we,0.17281409,0.17225343,0.17169276,0.17117225,0.17065173
0,qp03wf,0.16575184,0.16307423,0.16039662,0.16024026,0.1600839
0,qp03wh,0.073402375,0.074453525,0.075504676,0.07042939,0.06535411
0,qp03wm,0.055936724,0.055456854,0.05625397,0.056536734,0.05430395
1,qp03wm,0.05586638,0.05490001,0.055830646,0.05646101,0.05365958
2,qp03wm,0.055796035,0.054343164,0.055407323,0.056385286,0.05301521
3,qp03wm,0.052726813,0.051663164,0.052416276,0.053053614,0.050252788
4,qp03wm,0.04965759,0.048983164,0.04942523,0.04972194,0.047490366
0,qp03wp,0.06140945,0.062498327,0.0635872,0.059033185,0.054479167
0,qp03wq,0.107216,0.108751476,0.11028695,0.1050646,0.09984224
0,qp03wr,0.09029482,0.09225794,0.094221056,0.0892267,0.084232345
0,qp03ws,0.07529125,0.06840685,0.062950045,0.058895864,0.07273158
1,qp03ws,0.0654995,0.059839178,0.055646487,0.0701719,0.06259215
2,qp03ws,0.05672831,0.05239711,0.06908262,0.061883874,0.05631535
3,qp03ws,0.05224659,0.06799334,0.0611756,0.05590239,0.05209607
0,qp03wu,0.21856749,0.21743791,0.21630833,0.21814217,0.21997601
0,qp03wz,0.10476787,0.1179876,0.11822083,0.11534019,0.10327732
1,qp03wz,0.11647246,0.116687275,0.11380705,0.10178677,0.11495732
2,qp03wz,0.11515372,0.112273924,0.09812719,0.11096876,0.11117176
3,qp03wz,0.108300105,0.09446761,0.106980205,0.1071898,0.10432628
0,qp03x0,0.14657861,0.1444635,0.14234838,0.14357373,0.1447991
0,qp03x3,0.06694652,0.059996128,0.05732864,0.059495457,0.060630634
1,qp03x3,0.063749224,0.065708466,0.058913413,0.05662904,0.05904847
2,qp03x3,0.06002804,0.06327315,0.06447041,0.0578307,0.055929437
3,qp03x3,0.058601484,0.059425443,0.06279707,0.0624225,0.05614992
4,qp03x3,0.054783285,0.057373345,0.05794262,0.061482534,0.060374588
5,qp03x3,0.05446914,0.053637132,0.056145206,0.0564598,0.060167998
0,qp03x4,0.14908792,0.14660373,0.14411955,0.14563674,0.14715393
0,qp03x5,0.09031291,0.085603386,0.07981939,0.07289715,0.065695375
1,qp03x5,0.05916895,0.08822228,0.083484456,0.077688545,0.070730805
2,qp03x5,0.063395604,0.05674815,0.08613165,0.08136553,0.075557694
3,qp03x5,0.06856445,0.061095834,0.054327354,0.083774954,0.07891433
4,qp03x5,0.07304394,0.06617941,0.05923086,0.053339172,0.08141826
5,qp03x5,0.076463126,0.07053018,0.06379437,0.057365887,0.05235099
0,qp03x7,0.14577232,0.14357762,0.14138292,0.14361489,0.14584687
0,qp03x8,0.110981576,0.11028968,0.10959777,0.10834855,0.10709933
0,qp03xf,0.11570275,0.1148126,0.11392244,0.11314671,0.11237098
0,qp03xg,0.095541336,0.09532191,0.095102474,0.09253922,0.089975975
0,qp03xh,0.074496284,0.068344906,0.06734083,0.061600946,0.05551616
1,qp03xh,0.049825266,0.07162732,0.06565028,0.065137476,0.058687977
2,qp03xh,0.052261736,0.04695076,0.06875835,0.06295565,0.06293412
3,qp03xh,0.05577501,0.04900731,0.044076256,0.06717116,0.061452698
4,qp03xh,0.06118361,0.054756414,0.048542563,0.04393017,0.06558397
5,qp03xh,0.05994975,0.059433095,0.05373782,0.048077814,0.043784082
0,qp03xk,0.052216418,0.08737897,0.073402755,0.07149242,0.08195341
1,qp03xk,0.08950601,0.08595137,0.084073484,0.10165751,0.095362626
2,qp03xk,0.097123936,0.08838646,0.05146774,0.08899398,0.07393141
3,qp03xk,0.071093865,0.081328094,0.08874391,0.08522195,0.08349876
4,qp03xk,0.10073972,0.094573244,0.0962355,0.08772304,0.05071906
5,qp03xk,0.090608984,0.07446006,0.07069531,0.08070278,0.087981805
6,qp03xk,0.084492534,0.08292403,0.09982193,0.09378387,0.09534707
7,qp03xk,0.08705962,0.050090995,0.08755401,0.07256741,0.06893016
8,qp03xk,0.078158,0.08533004,0.08200903,0.08051199,0.09737675
9,qp03xk,0.09119594,0.092842504,0.08450982,0.04946293,0.08449903
10,qp03xk,0.07067476,0.067165,0.075613216,0.082678266,0.07952553
11,qp03xk,0.078099936,0.094931565,0.08860802,0.09033794,0.08196002
0,qp03xp,0.17962588,0.18130192,0.15873747,0.14803459,0.12341798
1,qp03xp,0.10270869,0.09822937,0.17695124,0.17855188,0.15633747
2,qp03xp,0.14573038,0.121693835,0.10106303,0.09642497,0.1742766
3,qp03xp,0.17580186,0.15393747,0.14342615,0.119969696,0.09941737
4,qp03xp,0.09462056,0.171848,0.17278883,0.14993256,0.13864611
5,qp03xp,0.11459971,0.09453501,0.09005034,0.1694194,0.16977578
6,qp03xp,0.14592767,0.13386607,0.10922973,0.089652635,0.085480124
0,qp03xs,0.1383431,0.1364336,0.1345241,0.13571838,0.13691264
0,qp03xt,0.05773686,0.057043042,0.056349225,0.054101396,0.051853567
0,qp03xv,0.046348043,0.043830857,0.044923835,0.045593735,0.043449722
1,qp03xv,0.04461982,0.044839427,0.043068588,0.044315808,0.04341005
2,qp03xv,0.04234968,0.043701176,0.041980676,0.041630775,0.043086544
0,qp03xw,0.16139589,0.15928514,0.1571744,0.1595696,0.16196482
0,qp03xx,0.07644658,0.095811136,0.090345435,0.10622915,0.08335139
1,qp03xx,0.07971033,0.08199206,0.07225166,0.07761779,0.06921537
2,qp03xx,0.07616213,0.09495255,0.08957355,0.104331955,0.08258934
3,qp03xx,0.079011574,0.08101501,0.07137907,0.076540664,0.06825988
4,qp03xx,0.07587769,0.09409398,0.08880165,0.10243477,0.08182729
5,qp03xx,0.07831283,0.08003797,0.07050648,0.07546354,0.06730439
6,qp03xx,0.0732697,0.09126551,0.08587496,0.10048529,0.07868388
7,qp03xx,0.07511091,0.07683015,0.06755821,0.07213478,0.064083755
8,qp03xx,0.070661716,0.088437036,0.082948275,0.098535806,0.07554047
9,qp03xx,0.071908996,0.07362233,0.06460993,0.068806015,0.060863122
0,qp03xy,0.13006225,0.1282421,0.12642197,0.12688485,0.12734774
0,qp03xz,0.06018252,0.066858165,0.08598834,0.10142236,0.0606294
1,qp03xz,0.067384735,0.086213276,0.10119914,0.061076283,0.06791131
2,qp03xz,0.086438216,0.10097592,0.059215277,0.065300204,0.083428055
3,qp03xz,0.09852862,0.05735427,0.062689096,0.08041789,0.096081324
0,qp03y0,0.060033932,0.060974866,0.0619158,0.057639774,0.053363748
0,qp03y1,0.05722764,0.058266144,0.059304647,0.05484854,0.050392434
0,qp03y2,0.09282941,0.094695374,0.096561335,0.09131109,0.086060844
0,qp03y3,0.0875979,0.08935964,0.091121376,0.08550294,0.07988451
0,qp03y7,0.057136223,0.057230793,0.057325363,0.05407946,0.05083356
0,qp03y8,0.15500788,0.15773985,0.1604718,0.15623727,0.15200275
0,qp03y9,0.098562405,0.096628584,0.09178875,0.0860334,0.08242309
1,qp03y9,0.07974711,0.07217917,0.071896225,0.099090464,0.09749123
2,qp03y9,0.09238391,0.086356,0.082418524,0.08017215,0.07189363
3,qp03y9,0.07120426,0.099618524,0.09835387,0.09297908,0.086678594
4,qp03y9,0.08241396,0.08059719,0.0716081,0.070512295,0.09513612
5,qp03y9,0.093839735,0.088624604,0.082516715,0.07845077,0.07659532
6,qp03y9,0.06797695,0.06698591,0.090653725,0.08932559,0.08427013
7,qp03y9,0.07835484,0.074487574,0.07259346,0.06434581,0.06345953
0,qp03yb,0.1511527,0.1398729,0.124383345,0.14934957,0.13770084
1,qp03yb,0.1220157,0.14754643,0.13552879,0.119648054,0.14371172
2,qp03yb,0.1314646,0.11539254,0.13987699,0.1274004,0.11113703
0,qp03yc,0.19393665,0.19308153,0.19596407,0.19035248,0.18963115
1,qp03yc,0.18167773,0.19374329,0.19282079,0.19677734,0.19004479
2,qp03yc,0.19073933,0.18265711,0.19354992,0.19256003,0.1975906
3,qp03yc,0.18973711,0.1918475,0.18363649,0.19065404,0.18961439
4,qp03yc,0.19441395,0.1865,0.1882174,0.17968127,0.18775816
5,qp03yc,0.18666875,0.19123729,0.18326288,0.1845873,0.17572604
0,qp03yd,0.12918992,0.13194133,0.13469274,0.1296787,0.12466464
0,qp03ye,0.07992656,0.07837575,0.08065593,0.079222485,0.0813853
1,qp03ye,0.080069214,0.07660894,0.07527273,0.07183258,0.07047625
0,qp03yf,0.21207109,0.20735341,0.2063312,0.2030162,0.20239131
1,qp03yf,0.20266333,0.21402578,0.20938522,0.20813753,0.20487599
2,qp03yf,0.20394284,0.20406018,0.21598047,0.211417,0.20994386
3,qp03yf,0.20673577,0.20549434,0.20545703,0.21422428,0.20946634
4,qp03yf,0.20794761,0.20457587,0.2033278,0.20327479,0.21246809
5,qp03yf,0.20751566,0.20595138,0.20241594,0.20116127,0.20109254
0,qp03yk,0.067229986,0.06836639,0.0695028,0.06548683,0.06147086
0,qp03ym,0.059704788,0.060780235,0.06185568,0.058219418,0.054583155
0,qp03yq,0.05495269,0.056211203,0.05746972,0.054553133,0.051636547
0,qp03yt,0.1001232,0.10264915,0.10517511,0.101531304,0.0978875
0,qp03yu,0.122169465,0.123331174,0.12449288,0.119877696,0.115262516
0,qp03yv,0.1371743,0.13621421,0.13909356,0.14164084,0.13612226
1,qp03yv,0.13605443,0.1326563,0.12886591,0.13861749,0.13769332
2,qp03yv,0.14050338,0.14279586,0.13734768,0.13714841,0.13353959
3,qp03yv,0.12971346,0.1400607,0.1391724,0.14191319,0.14395088
4,qp03yv,0.13857311,0.1382424,0.13442288,0.13056101,0.13758674
5,qp03yv,0.13679788,0.13953218,0.1417264,0.13633591,0.13590497
6,qp03yv,0.13216549,0.12821868,0.13511279,0.13442336,0.13715118
7,qp03yv,0.13950194,0.13409872,0.13356753,0.1299081,0.12587637
0,qp03yx,0.06671959,0.06801916,0.06931873,0.06689744,0.06447614
0,qp03yy,0.10488281,0.10686527,0.10884774,0.105899714,0.10295169
0,qp03yz,0.081178784,0.08194591,0.08257787,0.08331792,0.08397696
1,qp03yz,0.08468993,0.08115896,0.08189788,0.078340955,0.079105824
0,qp03z1,0.3962626,0.38839054,0.3805185,0.38186997,0.38322145
0,qp03z3,0.3892982,0.3790135,0.36872882,0.37170586,0.3746829
0,qp03z4,0.36903703,0.36744216,0.3658473,0.36285615,0.359865
0,qp03z6,0.41401315,0.40275365,0.39149415,0.3948809,0.39826763
0,qp03z7,0.36206633,0.3711146,0.38994673,0.35660684,0.36489797
1,qp03z7,0.3823493,0.35114735,0.35868132,0.37475187,0.34904394
2,qp03z7,0.35732257,0.3755967,0.34694052,0.3559638,0.37644154
0,qp03z8,0.25961977,0.25830457,0.25698936,0.25426984,0.25155032
0,qp03zb,0.07171035,0.07182176,0.09433152,0.090646826,0.114499405
1,qp03zb,0.11933225,0.12342772,0.15600428,0.14660156,0.14564613
2,qp03zb,0.12863967,0.13543066,0.15453078,0.072572336,0.07319595
3,qp03zb,0.0951661,0.091892555,0.11503654,0.11977758,0.123689175
4,qp03zb,0.1548719,0.14591767,0.1450775,0.12905364,0.1355862
5,qp03zb,0.15370798,0.073434316,0.074570134,0.09600069,0.09313828
6,qp03zb,0.115573674,0.12022292,0.12395064,0.15373951,0.14523378
7,qp03zb,0.14450885,0.1294676,0.13574174,0.15288517,0.07044901
8,qp03zb,0.07168659,0.0928828,0.08999187,0.11322568,0.11815274
9,qp03zb,0.1223686,0.1546371,0.14548314,0.14471498,0.12837332
10,qp03zb,0.13530321,0.15409467,0.0674637,0.06880304,0.08976491
11,qp03zb,0.08684546,0.110877685,0.11608255,0.120786555,0.1555347
12,qp03zb,0.14573248,0.14492112,0.12727904,0.13486469,0.15530418
0,qp03zc,0.40927532,0.40152103,0.3937667,0.39914545,0.4045242
0,qp03zd,0.11150214,0.12745827,0.13798766,0.109941766,0.12930427
1,qp03zd,0.1403808,0.10838139,0.13115028,0.14277396,0.10222773
2,qp03zd,0.122126736,0.13229279,0.096074075,0.113103196,0.121811636
0,qp03zg,0.4179471,0.4223652,0.42678326,0.42673874,0.4266942
0,qp03zj,0.16691534,0.17068766,0.17445998,0.17187491,0.16928986
0,qp03zk,0.3006396,0.3061285,0.31161743,0.31244296,0.31326848
0,qp03zm,0.21563563,0.219267,0.22289836,0.22291473,0.22293109
0,qp03zp,0.092532195,0.09451498,0.09649776,0.09351392,0.09053008
0,qp03zq,0.14102325,0.14345491,0.14588657,0.14348267,0.14107877
0,qp03zr,0.10999449,0.11185691,0.11371932,0.11101821,0.10831709
0,qp03zu,0.32979485,0.3300336,0.33027235,0.33636194,0.34245157
0,qp03zw,0.16619195,0.16785358,0.1695152,0.16834971,0.16718423
0,qp03zz,0.10685314,0.10622454,0.10340332,0.10123154,0.10376106
1,qp03zz,0.10486411,0.10423342,0.10125832,0.09860335,0.10074668
2,qp03zz,0.10287508,0.102242306,0.099113315,0.09597517,0.0977323
3,qp03zz,0.101175025,0.10051006,0.0973077,0.094460756,0.09663193
4,qp03zz,0.099474974,0.09877781,0.09550208,0.092946336,0.09553155
0,qp06n8,0.055730082,0.05766614,0.0596022,0.056550384,0.053498566
0,qp06n9,0.04801964,0.049766272,0.051512904,0.048852846,0.046192788
0,qp06nb,0.069941215,0.071534544,0.07312787,0.0703395,0.067551136
0,qp06nc,0.05360578,0.0551953,0.056784824,0.054008365,0.051231906
0,qp06nd,0.042124182,0.043773696,0.04542321,0.0431186,0.04081399
0,qp06ne,0.0381677,0.039853215,0.04153873,0.03932339,0.03710805
0,qp06ng,0.0391436,0.040492408,0.041841216,0.03955811,0.037275
0,qp06ns,0.034746557,0.036523785,0.038301013,0.03585427,0.033407524
0,qp06nv,0.03195168,0.033460163,0.034968644,0.032579824,0.030191004
0,qp06p0,0.07312141,0.07476646,0.07641149,0.07321517,0.07001885
0,qp06p1,0.06085647,0.061898284,0.0629401,0.0602579,0.057575703
0,qp06p2,0.093996264,0.09465732,0.09531838,0.09311445,0.090910524
0,qp06p3,0.06802966,0.0681745,0.068319336,0.06619085,0.06406238
0,qp06p4,0.049938723,0.05064423,0.051349737,0.049312256,0.047274776
0,qp06p5,0.045495458,0.046210412,0.046925366,0.044741675,0.042557985
0,qp06p6,0.055270165,0.055411287,0.055552408,0.053248327,0.050944246
0,qp06p9,0.083712764,0.0831255,0.08253825,0.08022585,0.07791345
0,qp06pc,0.10442547,0.10266007,0.10089467,0.099164724,0.097434774
0,qp06pd,0.06783256,0.06702639,0.06622023,0.063940346,0.06166047
0,qp06pe,0.058968753,0.058156047,0.05734334,0.055578526,0.05381371
0,qp06pf,0.082078956,0.08034909,0.07861923,0.07682024,0.07502125
0,qp06pg,0.0679098,0.0660463,0.0641828,0.061998975,0.059815146
0,qp06ph,0.038420916,0.03920001,0.039979108,0.038060755,0.0361424
0,qp06pj,0.03457573,0.03530436,0.03603299,0.034152336,0.032271683
0,qp06pk,0.041513972,0.041477542,0.041441113,0.039488606,0.0375361
0,qp06pm,0.034377307,0.03440325,0.034429193,0.03255666,0.030684128
0,qp06pn,0.028932974,0.029887896,0.030842818,0.028776143,0.026709467
0,qp06pq,0.032439604,0.032486442,0.03253328,0.030694012,0.028854743
0,qp06ps,0.045724697,0.044797536,0.043870375,0.041975297,0.04008022
0,qp06pt,0.039763898,0.0387923,0.037820704,0.03618055,0.034540392
0,qp06pu,0.057456665,0.055511523,0.05356638,0.051492244,0.049418107
0,qp06pv,0.049263835,0.047240395,0.045216955,0.043452267,0.041687578
0,qp06pw,0.037012964,0.035957925,0.034902886,0.033365104,0.031827323
0,qp06py,0.024344265,0.023802042,0.022312865,0.021870695,0.020281464
1,qp06py,0.019939348,0.019708097,0.019311495,0.01913473,0.018683642
0,qp08b4,0.13226062,0.1319171,0.13157359,0.13124192,0.13091026
0,qp08b6,0.125911,0.12592553,0.12594005,0.12533109,0.12472212
0,qp08b7,0.12434422,0.124456346,0.12456848,0.12392932,0.123290166
0,qp08bd,0.12092014,0.12107099,0.12122184,0.120454706,0.11968757
0,qp08bh,0.1301513,0.12959914,0.12904698,0.1286963,0.12834561
0,qp08bj,0.12792844,0.12758693,0.12724544,0.12644795,0.12565044
0,qp08bk,0.123142004,0.123160556,0.12317911,0.12260924,0.122039385
0,qp08bm,0.12150828,0.12180175,0.12209523,0.12140503,0.12071483
0,qp08bq,0.12028292,0.12018111,0.120079316,0.11928438,0.118489444
0,qp08br,0.11874455,0.118811585,0.11887862,0.117926225,0.116973825
0,qp08bw,0.1158028,0.116414264,0.11702572,0.11602448,0.11502324
0,qp08by,0.110900685,0.11139588,0.11189108,0.110440284,0.10898948
0,qp08ck,0.10899935,0.109871104,0.11074285,0.109283246,0.10782364
0,qp08cm,0.10779957,0.10859054,0.10938153,0.10791683,0.10645214
0,qp08cn,0.10726763,0.10785498,0.10844233,0.10683511,0.10522789
0,qp08cp,0.10601334,0.106777385,0.10754143,0.10580798,0.10407454
0,qp08cy,0.101786174,0.10237558,0.10296498,0.10116648,0.099367976
0,qp08fw,0.12462399,0.12445721,0.12429042,0.124012694,0.12373496
0,qp08fx,0.122371785,0.12201001,0.12164822,0.121365964,0.121083714
0,qp08fy,0.1451095,0.14434424,0.14357898,0.1441472,0.14471543
0,qp08gj,0.1745339,0.17326117,0.17198843,0.17272508,0.17346175
0,qp08gm,0.17070822,0.1681099,0.16551155,0.16683541,0.16815928
0,qp08gp,0.16411175,0.16340044,0.16268912,0.16313463,0.16358013
0,qp08gq,0.1691254,0.16682261,0.16451982,0.16533278,0.16614574
0,qp08gr,0.17282747,0.1705474,0.16826732,0.16904825,0.16982916
0,qp08gt,0.14573579,0.14239956,0.13906334,0.13944608,0.1398288
0,qp08gw,0.13884938,0.13651529,0.13418119,0.13407618,0.13397118
0,qp08gx,0.13637583,0.13412131,0.1318668,0.13163519,0.1314036
0,qp08gy,0.10560669,0.10397412,0.102341555,0.10088305,0.09942454
0,qp08gz,0.109050915,0.10663639,0.104221866,0.103110686,0.10199951
0,qp08un,0.08027007,0.07940134,0.07853261,0.07621874,0.07390488
0,qp0900,0.12140884,0.12128653,0.12116422,0.120029554,0.11889488
0,qp0901,0.122339085,0.12245005,0.12256102,0.122159965,0.12175891
0,qp0902,0.11617042,0.11652982,0.11688923,0.115771286,0.11465334
0,qp0903,0.11745706,0.1179197,0.11838234,0.11762156,0.116860785
0,qp0904,0.1208807,0.121007994,0.12113529,0.12053563,0.119935974
0,qp0905,0.1209729,0.120932035,0.12089117,0.120468736,0.120046295
0,qp0907,0.114076205,0.11444089,0.11480558,0.113640875,0.11247617
0,qp0909,0.10967429,0.11022703,0.110779785,0.10913308,0.10748637
0,qp090b,0.1010447,0.10199523,0.10294575,0.10082939,0.09871304
0,qp090c,0.08839734,0.08936794,0.09033854,0.08758617,0.0848338
0,qp090d,0.11298463,0.113997854,0.11501108,0.11370583,0.112400584
0,qp090e,0.09000118,0.09076137,0.09152156,0.088948905,0.08637624
0,qp090h,0.11972605,0.12032116,0.12091628,0.120247506,0.119578734
0,qp090j,0.11997096,0.12045396,0.12093696,0.12041566,0.119894356
0,qp090k,0.11172288,0.112241104,0.11275933,0.11122433,0.10968933
0,qp090m,0.10877234,0.109444685,0.11011703,0.108440936,0.10676483
0,qp090n,0.11466043,0.11485141,0.11504239,0.1137355,0.11242861
0,qp090q,0.09344981,0.09431599,0.09518218,0.092497684,0.08981319
0,qp090s,0.10115692,0.10191188,0.10266684,0.100507855,0.09834887
0,qp090t,0.09296806,0.09378794,0.09460781,0.09200178,0.08939576
0,qp090w,0.06783702,0.0688466,0.06985618,0.06774633,0.06563647
0,qp090x,0.098882936,0.09945503,0.10002713,0.09777239,0.09551765
0,qp090y,0.11100578,0.112248145,0.11349051,0.11193526,0.110380016
0,qp091g,0.103954405,0.104875654,0.105796896,0.104095876,0.102394864
0,qp091m,0.10698588,0.10839172,0.10979756,0.107961915,0.10612627
0,qp091q,0.107613325,0.10900392,0.1103945,0.10858884,0.106783174
0,qp091t,0.099893026,0.10085876,0.10182449,0.09960112,0.09737774
0,qp091u,0.10485245,0.105963126,0.1070738,0.10540782,0.10374183
0,qp091v,0.0983595,0.09915454,0.099949576,0.097858556,0.095767535
0,qp091w,0.09965709,0.10059573,0.10153437,0.0992358,0.09693724
0,qp091x,0.095087655,0.09603308,0.09697851,0.09442188,0.09186524
0,qp091y,0.08715024,0.08787583,0.08860142,0.086034924,0.08346843
0,qp091z,0.10492903,0.105834305,0.10673958,0.10501015,0.10328072
0,qp0920,0.1108529,0.11099292,0.11113295,0.1097684,0.10840385
0,qp0921,0.0661422,0.06586987,0.0671312,0.06659903,0.0681202
1,qp0921,0.067328185,0.06637734,0.065584034,0.06463448,0.063839875
0,qp0922,0.099001005,0.09973593,0.10047085,0.09805603,0.09564122
0,qp0923,0.11806485,0.118733265,0.11940168,0.118654355,0.11790703
0,qp0926,0.10911183,0.1092765,0.109441176,0.10799876,0.10655635
0,qp0927,0.09594371,0.09660785,0.097271994,0.09466688,0.09206177
0,qp092e,0.10203923,0.10249309,0.10294695,0.100830354,0.098713756
0,qp092h,0.0717111,0.07249847,0.07328583,0.070626184,0.067966536
0,qp092k,0.10138729,0.10196763,0.102547966,0.100113526,0.097679086
0,qp092n,0.04483094,0.045060042,0.045289144,0.044797353,0.044305563
0,qp092p,0.065099515,0.058674626,0.056818016,0.059922732,0.066488035
1,qp092p,0.05990819,0.05779736,0.060975946,0.067876555,0.06114175
2,qp092p,0.058776706,0.06202916,0.06612695,0.059503343,0.057012834
3,qp092p,0.059794247,0.064377345,0.057864934,0.05524896,0.057559334
0,qp092q,0.08263038,0.083334625,0.08403887,0.08097186,0.07790485
0,qp092s,0.08962185,0.0905239,0.091425955,0.08836162,0.08529729
0,qp092w,0.117138505,0.11720949,0.11728047,0.11636686,0.11545325
0,qp0932,0.10955605,0.110745214,0.11193438,0.110367544,0.10880071
0,qp0936,0.11130527,0.11253291,0.11376056,0.1121938,0.11062704
0,qp093b,0.10610228,0.10689247,0.10768266,0.10597497,0.10426728
0,qp093c,0.07702734,0.07782455,0.078621745,0.07576421,0.07290668
0,qp093d,0.110865645,0.111973196,0.113080755,0.111610726,0.110140696
0,qp093e,0.11208417,0.11292155,0.11375894,0.11245851,0.11115808
0,qp093f,0.11084472,0.111927286,0.113009855,0.11157498,0.11014009
0,qp093p,0.113894336,0.11385845,0.113822564,0.11254965,0.11127674
0,qp093q,0.11758976,0.11811085,0.118631944,0.11776054,0.11688913
0,qp093r,0.055836722,0.053701274,0.056667108,0.054538373,0.057497494
1,qp093r,0.05537547,0.055215638,0.053294227,0.052933782,0.05121298
0,qp093s,0.11395694,0.11479323,0.115629524,0.114466116,0.11330271
0,qp093t,0.11547994,0.11640197,0.11732401,0.11615012,0.11497623
0,qp093u,0.10952619,0.10984309,0.11016,0.10878261,0.10740522
0,qp093v,0.10997619,0.1104246,0.110873014,0.109468564,0.108064115
0,qp093x,0.09178174,0.09252864,0.09327554,0.090331554,0.08738758
0,qp093y,0.10270704,0.10279211,0.10287717,0.10119532,0.09951348
0,qp093z,0.115234174,0.1154467,0.11565922,0.11459158,0.11352394
0,qp0946,0.109278634,0.10988189,0.11048516,0.10928561,0.10808605
0,qp0947,0.0945059,0.09479289,0.095079884,0.09288262,0.09068535
0,qp0949,0.119049005,0.11927724,0.11950548,0.11885463,0.11820377
0,qp094b,0.12210453,0.121526636,0.12094874,0.119665936,0.11838314
0,qp094c,0.13547413,0.13505118,0.13462822,0.1347805,0.13493276
0,qp094g,0.1311007,0.13088694,0.13067317,0.1306507,0.13062823
0,qp094h,0.091266476,0.09191933,0.0925722,0.09017477,0.08777735
0,qp094j,0.104350485,0.10518916,0.10602783,0.104292154,0.10255649
0,qp094k,0.09543649,0.095860936,0.09628538,0.09398994,0.09169449
0,qp094m,0.103988305,0.10442054,0.10485279,0.10327932,0.10170586
0,qp094p,0.09717608,0.09776698,0.09835787,0.096201755,0.09404564
0,qp094q,0.08414372,0.0844201,0.08469647,0.08225409,0.07981171
0,qp094t,0.0839981,0.08404146,0.08408482,0.08138941,0.078694
0,qp094u,0.13167833,0.1317533,0.13182828,0.13168594,0.13154359
0,qp094w,0.11068676,0.11078468,0.11088261,0.10931291,0.10774321
0,qp094x,0.08514929,0.08535579,0.085562296,0.08262811,0.07969392
0,qp094z,0.13218553,0.13216424,0.13214293,0.13190714,0.13167134
0,qp0950,0.16006182,0.15882906,0.15759629,0.15825418,0.15891206
0,qp0951,0.15586433,0.15527485,0.15468538,0.15510646,0.15552752
0,qp0952,0.16780837,0.16582882,0.16384928,0.16431862,0.16478796
0,qp0953,0.16401443,0.16226512,0.16051583,0.16080177,0.16108772
0,qp0954,0.14943424,0.14977062,0.15010698,0.14995912,0.14981124
0,qp0957,0.14721096,0.14686048,0.14651,0.14599444,0.14547887
0,qp0958,0.1298383,0.12830508,0.12677184,0.12598751,0.12520319
0,qp0959,0.12504572,0.12395186,0.122858,0.12190347,0.12094894
0,qp095b,0.10193558,0.10040498,0.09887437,0.09719722,0.09552008
0,qp095c,0.09923195,0.0976112,0.09599044,0.09446074,0.09293105
0,qp095e,0.1166836,0.116199784,0.115715966,0.11439839,0.113080814
0,qp095g,0.08761054,0.08683694,0.08606334,0.08435297,0.0826426
0,qp095j,0.14403763,0.14426106,0.14448448,0.14453521,0.14458594
0,qp095k,0.14270881,0.14272982,0.14275083,0.1419436,0.1411364
0,qp095m,0.14588965,0.14549914,0.14510863,0.14463183,0.14415503
0,qp095n,0.14470023,0.14457318,0.14444613,0.14454612,0.1446461
0,qp095q,0.14429738,0.14391303,0.14352868,0.1429998,0.1424709
0,qp095r,0.039524168,0.038248975,0.036973782,0.03915896,0.041344136
0,qp095s,0.11318989,0.11272468,0.11225946,0.11099796,0.10973646
0,qp095t,0.10923887,0.10894245,0.10864602,0.10738502,0.10612401
0,qp095u,0.08721696,0.086463094,0.08570924,0.08377911,0.081848994
0,qp095v,0.08751241,0.08660126,0.085690096,0.08384396,0.08199783
0,qp095w,0.10859953,0.1078137,0.107027866,0.105836794,0.10464573
0,qp095x,0.109280676,0.1082962,0.107311726,0.10621022,0.10510871
0,qp095y,0.084152326,0.08347192,0.08279151,0.080712885,0.07863426
0,qp095z,0.08169611,0.08111276,0.080529414,0.078372955,0.076216504
0,qp0960,0.10784224,0.10857884,0.10931544,0.107890666,0.10646588
0,qp0963,0.11275275,0.11319986,0.11364696,0.11264266,0.11163835
0,qp0968,0.099244505,0.09932192,0.099399336,0.09705958,0.09471983
0,qp0969,0.115954764,0.1162121,0.11646943,0.1152727,0.11407598
0,qp096b,0.12622896,0.12596889,0.12570882,0.124809176,0.12390953
0,qp096c,0.12984996,0.12970406,0.12955815,0.12891942,0.1282807
0,qp096d,0.12267533,0.12277071,0.122866094,0.12255933,0.12225257
0,qp096e,0.12211561,0.12200321,0.12189081,0.12124325,0.120595686
0,qp096f,0.064955465,0.06757854,0.06618423,0.06504682,0.065785944
1,qp096f,0.06845242,0.067038134,0.06601469,0.06661643,0.06932629
2,qp096f,0.06789203,0.06698256,0.06370781,0.066227056,0.064892605
3,qp096f,0.06401923,0.060799196,0.06312782,0.061893187,0.061055914
0,qp096g,0.13220865,0.13176551,0.1313224,0.13037741,0.12943241
0,qp096h,0.09786904,0.09837237,0.098875694,0.0965151,0.0941545
0,qp096j,0.07630353,0.07669112,0.07707872,0.074263066,0.07144742
0,qp096k,0.11826903,0.11842161,0.11857419,0.11790396,0.11723373
0,qp096n,0.04857397,0.049409915,0.05024586,0.04910199,0.04795812
0,qp096p,0.123366006,0.12318505,0.1230041,0.12287435,0.12274459
0,qp096q,0.041918017,0.04163739,0.041782677,0.04207636,0.04172213
1,qp096q,0.04187383,0.042234704,0.04180687,0.041964985,0.04153359
2,qp096q,0.040889192,0.04114801,0.040832475,0.039971516,0.040331036
0,qp096r,0.039828405,0.038951084,0.03977171,0.038835537,0.039715014
1,qp096r,0.03871999,0.03914946,0.037855454,0.038583905,0.03699092
0,qp096t,0.09264132,0.091897056,0.09115279,0.08868928,0.08622577
0,qp096v,0.06232238,0.055081904,0.049715377,0.053427882,0.053328753
1,qp096v,0.057423547,0.06271291,0.05544743,0.050111976,0.053901795
2,qp096v,0.053947672,0.058038317,0.06310344,0.055812955,0.050508574
3,qp096v,0.054375708,0.054566592,0.058653086,0.059947368,0.05321802
4,qp096v,0.048657604,0.052146252,0.052441936,0.056122813,0.056791298
5,qp096v,0.05062308,0.046806633,0.049916796,0.05031728,0.05359254
0,qp096w,0.06526526,0.059956677,0.050936215,0.046404675,0.044459954
1,qp096w,0.041959867,0.04399219,0.064992264,0.05965046,0.05069662
2,qp096w,0.046084326,0.044043075,0.04145937,0.043450233,0.06471926
3,qp096w,0.05934424,0.050457023,0.045763977,0.043626197,0.040958874
4,qp096w,0.042908274,0.06211313,0.056808062,0.048498202,0.044299014
5,qp096w,0.04216606,0.03965239,0.041161813,0.059506997,0.054271884
6,qp096w,0.04653938,0.04283405,0.040705927,0.038345903,0.039415352
0,qp096x,0.11389033,0.11254737,0.111204416,0.110809505,0.1104146
0,qp096z,0.047846563,0.05260296,0.055744037,0.06536779,0.0739363
1,qp096z,0.04841962,0.05332666,0.056390703,0.06578381,0.0741018
2,qp096z,0.04899268,0.054050356,0.05703737,0.06619985,0.0742673
3,qp096z,0.04746503,0.052324325,0.054819077,0.0631745,0.07086637
4,qp096z,0.04593738,0.050598294,0.052600786,0.060149163,0.06746544
0,qp0970,0.14503783,0.14596373,0.14688964,0.14657283,0.14625601
0,qp0971,0.14459553,0.14431804,0.14404054,0.14383048,0.1436204
0,qp0972,0.13955088,0.13926116,0.13897142,0.13818517,0.13739893
0,qp0973,0.12888631,0.1295117,0.13013709,0.12918359,0.1282301
0,qp0974,0.15347677,0.15365088,0.15382499,0.15378228,0.15373957
0,qp0975,0.16290957,0.16183022,0.16075087,0.16124992,0.16174898
0,qp0976,0.140055,0.14002614,0.13999727,0.13900068,0.1380041
0,qp0977,0.13663949,0.13697612,0.13731277,0.1360349,0.13475706
0,qp0978,0.1030114,0.10276295,0.1025145,0.10101745,0.09952041
0,qp0979,0.10069762,0.10020915,0.099720664,0.09834014,0.09695961
0,qp097b,0.08014977,0.079657905,0.07916604,0.076966465,0.0747669
0,qp097c,0.07745662,0.07700794,0.07655926,0.07419668,0.0718341
0,qp097e,0.09601402,0.09554399,0.09507395,0.09298428,0.09089461
0,qp097f,0.0796862,0.07931018,0.07893416,0.07657771,0.07422125
0,qp097g,0.0783365,0.07805046,0.077764414,0.07530697,0.07284951
0,qp097h,0.1649059,0.1649117,0.1649175,0.16526733,0.16561717
0,qp097k,0.15725994,0.15632023,0.15538052,0.1539934,0.15260628
0,qp097m,0.14902537,0.1495456,0.15006582,0.1481483,0.14623077
0,qp097p,0.2051347,0.20592752,0.20672032,0.20571196,0.20470358
0,qp097s,0.10536715,0.1050159,0.10466467,0.102954194,0.10124372
0,qp097t,0.117478475,0.11769332,0.117908165,0.11559138,0.1132746
0,qp097w,0.12334841,0.12368364,0.12401887,0.12175417,0.11948946
0,qp097x,0.13496454,0.13592497,0.1368854,0.13432296,0.13176051
0,qp097y,0.09412518,0.09467143,0.09521768,0.09239437,0.08957106
0,qp097z,0.12050071,0.12209186,0.123683006,0.12087321,0.11806341
0,qp0980,0.11257253,0.11239506,0.112217605,0.11083802,0.10945843
0,qp0981,0.111501485,0.11140654,0.1113116,0.109594196,0.107876785
0,qp0983,0.113235235,0.112891,0.112546764,0.11124697,0.109947175
0,qp0985,0.051240973,0.044911504,0.042977884,0.041459993,0.0426514
1,qp0985,0.051196184,0.044822577,0.042820435,0.04144519,0.042778555
2,qp0985,0.051151395,0.04473365,0.042662986,0.041430384,0.04290571
3,qp0985,0.048787814,0.043168213,0.04138597,0.040205497,0.042130686
4,qp0985,0.046424232,0.041602775,0.040108956,0.03898061,0.041355662
0,qp0986,0.050764248,0.051552776,0.052341305,0.050137054,0.047932804
0,qp0987,0.055998854,0.056680974,0.057363093,0.055237792,0.053112492
0,qp0988,0.12134832,0.120954484,0.120560646,0.12021558,0.119870506
0,qp0989,0.119424015,0.11935757,0.11929113,0.11834291,0.1173947
0,qp098c,0.12529853,0.12563975,0.12598097,0.1256248,0.12526864
0,qp098d,0.12323582,0.122339614,0.121443406,0.121398136,0.12135286
0,qp098e,0.06195572,0.05763717,0.06123545,0.05396034,0.052185424
1,qp098e,0.04979968,0.06271581,0.05841488,0.061754968,0.054446112
2,qp098e,0.05267255,0.05027143,0.0634759,0.05919259,0.062274486
3,qp098e,0.054931886,0.053159676,0.050743178,0.060370386,0.056638744
4,qp098e,0.05925218,0.05261287,0.050896365,0.048712883,0.057264872
5,qp098e,0.054084897,0.056229874,0.050293855,0.048633054,0.04668259
0,qp098f,0.128154,0.12813573,0.12811746,0.1281889,0.12826033
0,qp098g,0.13022114,0.13038829,0.13055544,0.13045669,0.13035795
0,qp098h,0.12790912,0.12652645,0.12514378,0.12542816,0.12571253
0,qp098j,0.04490231,0.04050052,0.04404199,0.039651804,0.043181673
1,qp098j,0.038803086,0.042043433,0.03788679,0.040905192,0.036970496
0,qp098k,0.046198405,0.053697273,0.04707839,0.05504443,0.047958374
1,qp098k,0.05639159,0.046828505,0.05471705,0.045698635,0.05304251
0,qp098m,0.056070946,0.06578046,0.054578282,0.056742404,0.06608629
1,qp098m,0.055058647,0.05741386,0.06639212,0.055539012,0.054802608
2,qp098m,0.06320708,0.05301944,0.052191354,0.06002204,0.05049987
0,qp098n,0.14636311,0.14433505,0.14230698,0.14354908,0.1447912
0,qp098q,0.04829122,0.0489548,0.050189182,0.05347526,0.048711523
1,qp098q,0.04940834,0.050658297,0.054003254,0.049131826,0.04986188
2,qp098q,0.05112741,0.054531246,0.047907025,0.048114274,0.049226534
3,qp098q,0.05189901,0.046682224,0.04636667,0.047325656,0.04926677
0,qp098r,0.13242456,0.1305263,0.12862806,0.12895647,0.12928489
0,qp098u,0.13368092,0.1336746,0.13366829,0.13376868,0.13386905
0,qp0990,0.120868176,0.12071848,0.12056879,0.1198805,0.11919221
0,qp0991,0.11281106,0.11285974,0.112908415,0.11134502,0.10978164
0,qp0992,0.11353542,0.113569394,0.113603376,0.11222352,0.11084366
0,qp0993,0.116259106,0.116161644,0.11606419,0.115013316,0.113962434
0,qp0994,0.12573181,0.12515414,0.12457645,0.12444901,0.124321565
0,qp0995,0.12986323,0.13005003,0.13023683,0.13008505,0.12993327
0,qp0996,0.05772227,0.05828662,0.058850966,0.056576196,0.054301426
0,qp0999,0.10934268,0.10932462,0.10930656,0.10750979,0.105713025
0,qp099b,0.10026148,0.10062851,0.10099554,0.0985354,0.096075274
0,qp099c,0.12550366,0.12485571,0.124207765,0.124358825,0.124509886
0,qp099d,0.10756785,0.10742098,0.10727412,0.10541895,0.103563786
0,qp099e,0.105471745,0.10484381,0.10421588,0.10330928,0.10240268
0,qp099g,0.12196686,0.12087791,0.11978895,0.119427614,0.119066276
0,qp099h,0.1342698,0.13394085,0.1336119,0.13405168,0.13449147
0,qp099j,0.13888165,0.13826226,0.13764286,0.1381847,0.13872653
0,qp099k,0.12407979,0.12300482,0.12192984,0.121555574,0.12118131
0,qp099n,0.1420953,0.14135575,0.1406162,0.14069419,0.14077218
0,qp099q,0.13740818,0.13588682,0.13436547,0.13376692,0.13316838
0,qp099r,0.14086363,0.13879234,0.13672104,0.13761136,0.13850166
0,qp099s,0.06351648,0.0708954,0.063232645,0.064183846,0.06861247
1,qp099s,0.073543265,0.06448221,0.07177372,0.06427418,0.06545262
2,qp099s,0.069787875,0.07446423,0.06544794,0.07265204,0.065315716
3,qp099s,0.066721395,0.07096327,0.075385205,0.062836125,0.06946637
4,qp099s,0.06263664,0.06412816,0.06781581,0.071907744,0.06022431
5,qp099s,0.066280685,0.05995758,0.06153492,0.06466836,0.06843028
0,qp099t,0.14651816,0.14465788,0.14279759,0.1441283,0.14545898
0,qp099u,0.14478962,0.14304319,0.14129676,0.14261706,0.14393736
0,qp099w,0.15113543,0.14912695,0.14711845,0.14752212,0.14792578
0,qp099x,0.14301176,0.14035329,0.13769482,0.13974348,0.14179212
0,qp099y,0.1123017,0.1112798,0.11025791,0.109347634,0.10843736
0,qp099z,0.14945744,0.14609547,0.1427335,0.14609061,0.14944772
0,qp09b0,0.20330662,0.20104903,0.19879144,0.20294651,0.20710157
0,qp09b1,0.12854496,0.12879476,0.12904456,0.1262205,0.12339644
0,qp09b2,0.05042301,0.0542081,0.056354105,0.060763642,0.063250065
1,qp09b2,0.050737254,0.055111315,0.057212085,0.061558608,0.06421214
2,qp09b2,0.051051497,0.05601453,0.058070064,0.062353574,0.06517422
3,qp09b2,0.04913999,0.05446241,0.055992275,0.05971511,0.062446296
4,qp09b2,0.047228485,0.05291029,0.053914487,0.057076648,0.05971837
0,qp09b3,0.07223281,0.07586996,0.08158528,0.09419094,0.0710561
1,qp09b3,0.07425192,0.07722664,0.08257926,0.09464052,0.07241399
2,qp09b3,0.07627103,0.078583315,0.083573245,0.09509011,0.07377188
3,qp09b3,0.07374142,0.07566586,0.08040887,0.09175783,0.07079828
4,qp09b3,0.07121181,0.0727484,0.077244505,0.08842554,0.067824684
0,qp09b4,0.2990704,0.29705966,0.2950489,0.29480898,0.29456908
0,qp09b5,0.2864301,0.2851792,0.28392833,0.2838022,0.2836761
0,qp09b6,0.33320665,0.33371782,0.334229,0.33500957,0.33579016
0,qp09bd,0.2884947,0.28811362,0.28773254,0.2899178,0.29210305
0,qp09be,0.28497493,0.28333202,0.2816891,0.2838371,0.2859851
0,qp09bh,0.21847597,0.21459061,0.2287075,0.22271375,0.21594241
1,qp09bh,0.18358937,0.16666958,0.21604785,0.21221364,0.22765937
2,qp09bh,0.22180584,0.21564561,0.18330386,0.16620724,0.21361974
3,qp09bh,0.20983666,0.22661124,0.22089791,0.2153488,0.18301836
4,qp09bh,0.1657449,0.21496835,0.21136028,0.22716376,0.22160946
5,qp09bh,0.21569848,0.18292767,0.16555026,0.21631698,0.21288387
6,qp09bh,0.22771627,0.222321,0.21604817,0.182837,0.16535562
0,qp09bj,0.24840954,0.24480833,0.24120712,0.24731481,0.2534225
0,qp09bk,0.2872857,0.28084886,0.274412,0.28045273,0.28649342
0,qp09bm,0.13736546,0.14085896,0.12227163,0.12820934,0.13426697
1,qp09bm,0.14828917,0.1357325,0.1391216,0.12040187,0.12646195
2,qp09bm,0.13240558,0.14651924,0.13409953,0.13738425,0.11853211
3,qp09bm,0.12471458,0.13054417,0.1447493,0.13446486,0.13737333
4,qp09bm,0.11971064,0.12540963,0.13171792,0.14510253,0.13483018
5,qp09bm,0.13736242,0.12088918,0.12610468,0.13289165,0.14545575
0,qp09bp,0.18255796,0.17977716,0.17699637,0.17885932,0.1807223
0,qp09bq,0.23294136,0.22487721,0.21681304,0.2221353,0.22745758
0,qp09bt,0.23209578,0.22660047,0.22110517,0.22380966,0.22651413
0,qp09c6,0.1286376,0.12557445,0.12251132,0.1261675,0.1298237
0,qp09c7,0.1296283,0.12748405,0.12533979,0.12789461,0.13044943
0,qp09c8,0.14293379,0.13942423,0.13591467,0.14044857,0.14498246
0,qp09c9,0.13261566,0.12897772,0.12533976,0.13009533,0.13485092
0,qp09cd,0.12109038,0.11782728,0.11456418,0.11821471,0.12186525
0,qp09ce,0.11540702,0.113266595,0.11112617,0.113234624,0.11534308
0,qp09cf,0.113365725,0.1107637,0.10816167,0.11059163,0.11302158
0,qp09cj,0.19354345,0.1898086,0.18607375,0.18974982,0.1934259
0,qp09cn,0.16882998,0.16400757,0.15918516,0.16348049,0.16777581
0,qp09cp,0.16132167,0.15755013,0.15377857,0.1567969,0.15981525
0,qp09cq,0.14932737,0.14493187,0.14053637,0.14563175,0.15072712
0,qp09cr,0.13735867,0.13304979,0.12874089,0.133535,0.13832909
0,qp09ct,0.12131705,0.1191626,0.11700814,0.1198533,0.122698456
0,qp09cu,0.102096125,0.10034988,0.098603636,0.09977551,0.10094738
0,qp09cw,0.11665366,0.114411324,0.112169,0.11554395,0.11891889
0,qp09cx,0.113692015,0.1108592,0.108026385,0.11218625,0.11634613
0,qp09cy,0.09820033,0.096658915,0.09511751,0.097221754,0.099326
0,qp09d1,0.13182572,0.13108706,0.13034841,0.13098654,0.13162467
0,qp09d2,0.12458497,0.123834096,0.12308322,0.122887224,0.12269124
0,qp09d4,0.12852845,0.1276249,0.12672134,0.1266212,0.12652107
0,qp09d7,0.15540972,0.15322891,0.1510481,0.15356581,0.15608352
0,qp09d8,0.031804368,0.030175313,0.033501416,0.039897747,0.044523843
1,qp09d8,0.031196889,0.029651888,0.033399783,0.040345866,0.04519517
2,qp09d8,0.03058941,0.029128462,0.03329815,0.040793985,0.045866497
3,qp09d8,0.030748408,0.0293448,0.033601258,0.04085144,0.04567436
4,qp09d8,0.030907407,0.02956114,0.033904366,0.040908895,0.045482226
0,qp09d9,0.07443579,0.07011967,0.07475281,0.070492774,0.07506982
1,qp09d9,0.070865884,0.07174289,0.067556664,0.06841596,0.06424744
0,qp09db,0.18244949,0.18052214,0.1785948,0.18089607,0.18319736
0,qp09dc,0.11061363,0.08777778,0.06891971,0.068060495,0.05239533
1,qp09dc,0.057953216,0.056896552,0.109207496,0.087396055,0.06894471
2,qp09dc,0.068197414,0.052392278,0.05814661,0.05721883,0.107801355
3,qp09dc,0.087014325,0.06896971,0.06833433,0.052389227,0.058340006
4,qp09dc,0.05754111,0.10497331,0.08313136,0.065197505,0.06427783
5,qp09dc,0.04996574,0.054790568,0.053721562,0.10214526,0.07924838
6,qp09dc,0.0614253,0.060221314,0.04754225,0.05124113,0.049902014
0,qp09dd,0.15119417,0.1487742,0.14635423,0.14844236,0.15053047
0,qp09de,0.03314042,0.03270803,0.03227564,0.03267063,0.033065617
0,qp09dh,0.14767474,0.14537168,0.14306863,0.14488134,0.14669403
0,qp09dj,0.042600654,0.05766005,0.054855727,0.054056667,0.043261543
1,qp09dj,0.05896854,0.055892505,0.055046327,0.04392243,0.06027703
2,qp09dj,0.056929283,0.056035988,0.0438429,0.05919429,0.055894885
3,qp09dj,0.054538902,0.04376337,0.05811155,0.054860488,0.053041816
0,qp09dk,0.15376708,0.15127724,0.14878741,0.15089592,0.15300442
0,qp09dm,0.19021139,0.1872837,0.18435599,0.18788403,0.19141209
0,qp09dp,0.13759221,0.13468902,0.13178582,0.1341592,0.13653257
0,qp09dq,0.18350057,0.18000019,0.17649981,0.18007639,0.18365297
0,qp09dr,0.16213974,0.15856916,0.15499856,0.15905291,0.16310726
0,qp09ds,0.19840671,0.19721249,0.19601825,0.19982246,0.20362666
0,qp09dt,0.22238313,0.22007605,0.21776897,0.22272179,0.2276746
0,qp09du,0.39124477,0.3932425,0.39524025,0.3975521,0.39986396
0,qp09dw,0.20912668,0.20622665,0.20332661,0.20791022,0.21249384
0,qp09e0,0.23733902,0.2379633,0.23858759,0.23750512,0.23642266
0,qp09e1,0.29687366,0.29722378,0.2975739,0.2976244,0.29767495
0,qp09e2,0.25404066,0.2563622,0.25868374,0.25628558,0.25388741
0,qp09e3,0.35417387,0.35511702,0.35606015,0.35776925,0.35947832
0,qp09e4,0.46610743,0.4591087,0.45211,0.45298523,0.45386046
0,qp09e5,0.13164322,0.12684713,0.082568616,0.09556389,0.14200684
1,qp09e5,0.13126096,0.12673125,0.083738014,0.09665345,0.14184986
2,qp09e5,0.13087869,0.12661535,0.08490741,0.09774301,0.14169288
3,qp09e5,0.12624034,0.12211158,0.080678746,0.093421906,0.13845024
4,qp09e5,0.121602006,0.11760782,0.07645009,0.08910079,0.13520761
0,qp09e6,0.5417373,0.5221125,0.5024877,0.51393247,0.5253772
0,qp09e7,0.17365168,0.13627312,0.1527012,0.17232226,0.13401017
1,qp09e7,0.1517995,0.17099284,0.1317472,0.1508978,0.16353643
2,qp09e7,0.12400159,0.14310847,0.15608004,0.11625599,0.13531914
0,qp09e9,0.08382225,0.08217694,0.06550774,0.063226834,0.08516501
1,qp09e9,0.083672665,0.066398464,0.063996166,0.08650777,0.08516839
2,qp09e9,0.06728919,0.0647655,0.08287765,0.081466,0.06398268
3,qp09e9,0.061608125,0.07924753,0.0777636,0.06067618,0.05845075
0,qp09eb,0.18194799,0.18241474,0.1828815,0.18465306,0.18642461
0,qp09ec,0.29048654,0.29123813,0.29198968,0.29985803,0.30772638
0,qp09ed,0.5356014,0.5295665,0.5235316,0.5259478,0.52836406
0,qp09ee,0.6253271,0.6096432,0.5939593,0.59610105,0.5982429
0,qp09eh,0.708743,0.69916123,0.6895795,0.67991996,0.6702604
0,qp09ej,0.6144012,0.61142945,0.6084577,0.6019596,0.5954614
0,qp09em,0.6544122,0.6515173,0.6486223,0.6355492,0.62247616
0,qp09en,0.40838528,0.42014194,0.4318986,0.42613208,0.42036557
0,qp09ep,0.28110194,0.28628838,0.29147482,0.2927691,0.2940634
0,qp09eq,0.56470644,0.5709922,0.5772779,0.564708,0.5521381
0,qp09er,0.4074453,0.4202364,0.4330275,0.4273742,0.42172092
0,qp09es,0.6429013,0.63639,0.6298787,0.6189272,0.60797566
0,qp09et,0.638389,0.64397275,0.64955646,0.62517893,0.60080135
0,qp09eu,0.47818482,0.48121276,0.4842407,0.47806048,0.47188026
0,qp09ev,0.4971153,0.5019863,0.50685734,0.49673626,0.48661518
0,qp09ew,0.59114265,0.60443443,0.6177262,0.5964993,0.57527244
0,qp09ez,0.5110163,0.5207958,0.5305754,0.51723886,0.5039024
0,qp09f0,0.14208534,0.138381,0.13467665,0.13927214,0.14386763
0,qp09f2,0.14731786,0.14347915,0.13964045,0.14436927,0.1490981
0,qp09f3,0.12976862,0.12625007,0.12273153,0.12651175,0.13029197
0,qp09f4,0.11495757,0.11161946,0.108281344,0.111427486,0.114573635
0,qp09f5,0.104738966,0.10218324,0.09962751,0.10134195,0.103056386
0,qp09f7,0.10309273,0.10041425,0.097735755,0.09878534,0.09983493
0,qp09f8,0.15564223,0.15253362,0.149425,0.1529499,0.15647481
0,qp09fb,0.1824192,0.18125789,0.18009658,0.18233784,0.18457909
0,qp09fd,0.12643012,0.12384981,0.12126949,0.12246819,0.1236669
0,qp09fe,0.10743272,0.10469822,0.101963714,0.10250324,0.10304277
0,qp09ff,0.13242272,0.12974742,0.12707211,0.12757775,0.12808338
0,qp09fh,0.10017472,0.09826508,0.09635544,0.09713888,0.09792232
0,qp09fj,0.09268646,0.09138134,0.09007622,0.09053796,0.09099969
0,qp09fk,0.09785429,0.09569144,0.093528606,0.094012246,0.09449589
0,qp09fm,0.09420368,0.09260349,0.091003306,0.091088906,0.091174506
0,qp09fq,0.0841486,0.0826977,0.08124679,0.081504464,0.081762135
0,qp09fr,0.079205684,0.07825471,0.07730373,0.07742126,0.07753879
0,qp09fu,0.0625141,0.06557475,0.067864925,0.062887214,0.064299546
1,qp09fu,0.06616821,0.06326033,0.06302434,0.0644715,0.06026627
2,qp09fu,0.060447074,0.06196426,0.05727221,0.057869807,0.05945702
0,qp09fv,0.09719142,0.09479989,0.09240836,0.0913914,0.09037445
0,qp09fw,0.085022405,0.08339332,0.08176424,0.081180096,0.08059594
0,qp09fx,0.07818084,0.0769458,0.07571075,0.07550868,0.0753066
0,qp09fy,0.090299495,0.08799344,0.0856874,0.08480974,0.08393209
0,qp09fz,0.064841,0.06396201,0.06308303,0.061997045,0.06091106
0,qp09g0,0.2221854,0.22405216,0.22591892,0.22752526,0.22913161
0,qp09g1,0.12781,0.12931965,0.1262512,0.12075881,0.12574434
1,qp09g1,0.12724096,0.124088146,0.11849086,0.123678684,0.12516226
2,qp09g1,0.121925086,0.11622291,0.121810235,0.123179674,0.119788624
3,qp09g1,0.11379379,0.119941786,0.12119709,0.11765216,0.11136468
0,qp09g2,0.26667422,0.27182376,0.2769733,0.27788952,0.27880573
0,qp09g3,0.215311,0.216889,0.218467,0.21964067,0.22081433
0,qp09g4,0.15222457,0.1497055,0.14718641,0.14789811,0.14860982
0,qp09g5,0.09438049,0.0917601,0.089139715,0.087217405,0.08529509
0,qp09g6,0.11821597,0.11670853,0.115702845,0.1140956,0.11318972
1,qp09g6,0.111482665,0.11069059,0.10872412,0.108191475,0.10596556
0,qp09g7,0.14858481,0.14564267,0.14270051,0.14331415,0.1439278
0,qp09g8,0.2157915,0.1968559,0.19892563,0.21803984,0.19852792
1,qp09g8,0.20091967,0.22028819,0.20019993,0.20291372,0.21835223
2,qp09g8,0.19723424,0.19986218,0.21641628,0.19426855,0.19681066
0,qp09g9,0.29212493,0.29738927,0.3026536,0.30358377,0.30451393
0,qp09gb,0.4888457,0.49969554,0.5105454,0.49659568,0.482646
0,qp09gc,0.40014178,0.40692124,0.4137007,0.40992418,0.40614766
0,qp09ge,0.17429736,0.1727726,0.17124784,0.17203042,0.172813
0,qp09gf,0.29154027,0.29472563,0.297911,0.2992745,0.30063802
0,qp09gg,0.21828203,0.21884026,0.21939848,0.22075164,0.2221048
0,qp09gh,0.11673781,0.11332811,0.1099184,0.109806806,0.10969521
0,qp09gj,0.10560779,0.10217993,0.09875206,0.098536626,0.0983212
0,qp09gm,0.11234834,0.108666405,0.10498447,0.104627535,0.1042706
0,qp09gn,0.09547847,0.09273856,0.089998655,0.08885558,0.0877125
0,qp09gp,0.08473599,0.08226493,0.07979387,0.078827,0.07786013
0,qp09gq,0.09884959,0.09522675,0.091603905,0.09143702,0.091270134
0,qp09gr,0.09009064,0.08704798,0.08400531,0.08313409,0.08226287
0,qp09gs,0.14418922,0.14056697,0.13694473,0.13786237,0.13878001
0,qp09gu,0.17413148,0.17205487,0.16997826,0.17115124,0.17232421
0,qp09gv,0.13479541,0.13127834,0.12776126,0.12801377,0.12826629
0,qp09gw,0.08293185,0.07978091,0.07961631,0.076533735,0.07630077
1,qp09gw,0.073286556,0.074696995,0.07155061,0.07309322,0.06981466
0,qp09gx,0.076765366,0.07530537,0.07389711,0.073885076,0.07241444
1,qp09gx,0.0708447,0.071004786,0.06952351,0.0677923,0.06935568
2,qp09gx,0.06781456,0.066136785,0.067706585,0.0661056,0.06448127
0,qp09gz,0.10631056,0.10217061,0.09803066,0.09830931,0.09858796
0,qp09h0,0.07682195,0.07604571,0.07526946,0.072900444,0.070531435
0,qp09h5,0.07464968,0.07408693,0.07352418,0.07094374,0.06836331
0,qp09h7,0.06452628,0.064624526,0.06472277,0.06163122,0.058539674
0,qp09hh,0.07147513,0.07083598,0.070196815,0.06771356,0.065230295
0,qp09hj,0.04958181,0.049476735,0.04937166,0.046550736,0.043729812
0,qp09hk,0.06398546,0.06377167,0.063557886,0.060690362,0.05782284
0,qp09hm,0.0644334,0.064316064,0.06419873,0.061202273,0.058205813
0,qp09hn,0.071150176,0.07081024,0.07047032,0.06774605,0.06502178
0,qp09hp,0.068560794,0.06843785,0.06831491,0.06554424,0.06277357
0,qp09hr,0.062122405,0.06243369,0.062744975,0.059589006,0.056433037
0,qp09ht,0.048631467,0.04905667,0.049481876,0.046189234,0.04289659
0,qp09hv,0.055518508,0.055974294,0.05643008,0.053096265,0.04976245
0,qp09hx,0.057819657,0.058297265,0.058774874,0.05548326,0.052191645
0,qp09hy,0.05541022,0.055868305,0.05632639,0.05298893,0.049651474
0,qp09hz,0.05501379,0.05572127,0.056428753,0.053019073,0.049609393
0,qp09j7,0.05276765,0.053804085,0.05484052,0.051100165,0.04735981
0,qp09jk,0.052719116,0.053708147,0.05469718,0.050959088,0.047220998
0,qp09jq,0.05277607,0.053551406,0.054326743,0.050779313,0.047231883
0,qp09jv,0.05016672,0.051104497,0.052042276,0.0484861,0.04492992
0,qp09jz,0.049875252,0.05123887,0.052602485,0.048797593,0.0449927
0,qp09k0,0.06877063,0.0684971,0.068223566,0.06549792,0.062772274
0,qp09k1,0.06606523,0.06612682,0.066188425,0.06315549,0.060122557
0,qp09k2,0.063104235,0.06335983,0.06361543,0.060418513,0.0572216
0,qp09k3,0.06042017,0.060610116,0.06080006,0.057767823,0.054735586
0,qp09k4,0.067075044,0.06706283,0.06705062,0.064211294,0.061371967
0,qp09k6,0.061186448,0.06165526,0.062124074,0.058912665,0.055701256
0,qp09k8,0.05746168,0.058121968,0.058782257,0.05545644,0.052130625
0,qp09k9,0.05717174,0.05780266,0.058433577,0.055130772,0.051827967
0,qp09kb,0.05457464,0.055183653,0.055792667,0.052442163,0.04909166
0,qp09kc,0.055098422,0.05573291,0.056367397,0.053034574,0.04970175
0,qp09ke,0.05791185,0.058197122,0.058482394,0.055565216,0.052648038
0,qp09kf,0.05472841,0.055405572,0.056082733,0.052713815,0.049344897
0,qp09kj,0.070958,0.07139847,0.07183893,0.06871096,0.06558299
0,qp09kr,0.09365451,0.095837764,0.098021016,0.09709819,0.09617535
0,qp09ks,0.05807171,0.05902535,0.05997899,0.05662915,0.05327931
0,qp09kt,0.06205593,0.06289146,0.06372699,0.060707632,0.057688273
0,qp09ku,0.0550782,0.05575212,0.05642604,0.053385187,0.050344333
0,qp09kv,0.039509073,0.039584547,0.040182374,0.040494278,0.040547766
1,qp09kv,0.040399157,0.04027851,0.040291913,0.040320847,0.0408979
2,qp09kv,0.041113123,0.04119326,0.04094864,0.040871833,0.041074753
3,qp09kv,0.041057147,0.041613422,0.04173197,0.041838758,0.041498125
4,qp09kv,0.041465156,0.038060647,0.038085602,0.03864112,0.03883711
5,qp09kv,0.038970597,0.03872355,0.038689416,0.03504654,0.035114057
6,qp09kv,0.03566882,0.03594225,0.036102436,0.035948977,0.035913676
0,qp09kw,0.06720238,0.068576545,0.0699507,0.06748925,0.065027796
0,qp09ky,0.069705755,0.07175344,0.07380114,0.071972534,0.07014393
0,qp09kz,0.04360488,0.04559347,0.04621149,0.052393764,0.046838984
1,qp09kz,0.04729703,0.04356332,0.042122692,0.043742053,0.044870976
2,qp09kz,0.0469205,0.047454342,0.053956553,0.04807853,0.048599355
3,qp09kz,0.04471404,0.04321994,0.04491383,0.046137072,0.04824753
4,qp09kz,0.048697196,0.055519342,0.049318075,0.04990168,0.04586476
5,qp09kz,0.044317186,0.046085604,0.043872412,0.046074115,0.04657857
6,qp09kz,0.053856984,0.04748601,0.048165187,0.043922022,0.04218048
7,qp09kz,0.043736618,0.041607752,0.0439007,0.044459946,0.052194625
8,qp09kz,0.045653947,0.046428695,0.041979283,0.04004377,0.041387632
0,qp09m0,0.05344838,0.05398931,0.05453024,0.051330976,0.04813171
0,qp09m1,0.052287266,0.052922916,0.053558566,0.050185185,0.046811804
0,qp09m2,0.050951205,0.051698845,0.052446485,0.049045406,0.045644328
0,qp09me,0.051151477,0.052494228,0.05383698,0.05022385,0.04661072
0,qp09mn,0.070923276,0.0735143,0.07610532,0.074446164,0.07278701
0,qp09mq,0.06969629,0.07291031,0.07612433,0.073887736,0.07165113
0,qp09mr,0.09462718,0.097617,0.10060683,0.09856732,0.09652782
0,qp09ms,0.052396238,0.05393692,0.055477604,0.052109957,0.04874231
0,qp09mt,0.05651565,0.058578115,0.06064058,0.058291007,0.055941433
0,qp09mu,0.051084362,0.052586738,0.054089114,0.051214367,0.04833962
0,qp09mw,0.07021856,0.07378507,0.07735156,0.07485663,0.0723617
0,qp09mx,0.06459328,0.06755275,0.07051223,0.068419084,0.06632593
0,qp09q5,0.05005753,0.051586352,0.053115174,0.04957535,0.04603553
0,qp09qp,0.0863687,0.090272084,0.09417546,0.091172576,0.0881697
0,qp09s2,0.1427943,0.14373544,0.1446766,0.1467731,0.14886962
0,qp09s3,0.16871107,0.16876563,0.1688202,0.17080432,0.17278843
0,qp09s6,0.16539605,0.1640451,0.16269414,0.16456601,0.16643786
0,qp09s7,0.18099625,0.1793076,0.17761894,0.17904615,0.18047339
0,qp09sb,0.11847851,0.11953287,0.12058724,0.12046623,0.12034522
0,qp09sc,0.12944652,0.12923035,0.1290142,0.12895301,0.12889183
0,qp09sd,0.13625233,0.13457613,0.13289993,0.1338942,0.13488847
0,qp09se,0.14464726,0.14290586,0.14116447,0.14201477,0.14286508
0,qp09sf,0.12810314,0.12669845,0.12529376,0.12566885,0.12604393
0,qp09sg,0.12912565,0.12732357,0.12552148,0.12599786,0.12647423
0,qp09sh,0.27585232,0.2758422,0.27583203,0.27772236,0.27961272
0,qp09sj,0.2879942,0.28970802,0.29142183,0.2910313,0.29064077
0,qp09sk,0.17775586,0.17655991,0.17536396,0.17609726,0.17683056
0,qp09sm,0.18998393,0.1890225,0.18806106,0.18890685,0.18975265
0,qp09sn,0.30252206,0.30450112,0.30648017,0.30575413,0.30502805
0,qp09sq,0.1944961,0.19527663,0.19605717,0.19615546,0.19625376
0,qp09st,0.14987463,0.1495013,0.14912796,0.14934629,0.14956462
0,qp09su,0.1292082,0.12762427,0.12604035,0.12645155,0.12686273
0,qp09sx,0.1507665,0.14985049,0.14893445,0.14958328,0.15023209
0,qp09sy,0.12861595,0.1272259,0.12583588,0.12659141,0.12734696
0,qp09sz,0.12070431,0.117818184,0.11493206,0.11589766,0.116863266
0,qp09t0,0.07028937,0.07177965,0.068492204,0.07265055,0.07415878
1,qp09t0,0.07112405,0.07501173,0.07653791,0.07375589,0.07342602
2,qp09t0,0.07490371,0.07187177,0.071840316,0.07326951,0.069987655
0,qp09t2,0.10600303,0.10722351,0.10844399,0.10731712,0.10619026
0,qp09t4,0.113958746,0.112159014,0.11035928,0.110934936,0.11151059
0,qp09t9,0.10716361,0.10785656,0.108549505,0.107227914,0.10590632
0,qp09th,0.11706583,0.11621209,0.11535835,0.11530171,0.115245074
0,qp09tj,0.117600426,0.11555241,0.1135044,0.11415783,0.114811264
0,qp09tm,0.10923796,0.107912645,0.10658732,0.10679001,0.10699271
0,qp09tn,0.1166666,0.11473547,0.11280433,0.1137438,0.114683256
0,qp09tp,0.1147369,0.11181492,0.10889295,0.110632434,0.11237192
0,qp09tq,0.10915599,0.107339084,0.105522186,0.106110334,0.106698476
0,qp09tt,0.10340598,0.10190975,0.100413516,0.1006089,0.100804284
0,qp09tw,0.10130678,0.098366104,0.09542543,0.096928045,0.09843066
0,qp09tx,0.10217033,0.09943133,0.09669232,0.098038785,0.09938525
0,qp09u2,0.1779414,0.17787686,0.17781231,0.17823571,0.17865913
0,qp09u3,0.2071685,0.20937791,0.21158731,0.21123296,0.21087863
0,qp09u4,0.36041427,0.36468235,0.36895043,0.36675888,0.36456734
0,qp09u5,0.2807808,0.28359133,0.2864019,0.2871191,0.28783625
0,qp09u6,0.22352889,0.22703573,0.23054256,0.22927105,0.22799957
0,qp09u7,0.25331923,0.2577712,0.26222315,0.26062292,0.2590227
0,qp09u8,0.10768844,0.10417738,0.100666314,0.101953454,0.103240594
0,qp09u9,0.15783234,0.1562722,0.15471208,0.1565567,0.1584013
0,qp09ub,0.13012537,0.12832087,0.12651636,0.12781197,0.12910756
0,qp09uc,0.13147143,0.12947069,0.12746996,0.12906578,0.1306616
0,qp09ud,0.15885863,0.15839244,0.15792626,0.15922849,0.16053072
0,qp09uf,0.13457024,0.13194625,0.12932226,0.13154352,0.13376479
0,qp09ug,0.13446084,0.13238151,0.13030219,0.1325642,0.13482621
0,qp09uh,0.21642202,0.21720281,0.21798359,0.21900848,0.22003336
0,qp09uj,0.17279527,0.17122789,0.16966051,0.17074019,0.17181987
0,qp09uk,0.26034433,0.2636435,0.26694265,0.26607755,0.26521245
0,qp09um,0.20611125,0.20676342,0.2074156,0.20803553,0.20865548
0,qp09un,0.14443345,0.14221703,0.1400006,0.14069316,0.14138572
0,qp09uq,0.17096308,0.17015022,0.16933736,0.16987976,0.17042215
0,qp09us,0.18860433,0.19041684,0.19222936,0.19203116,0.19183296
0,qp09ut,0.20901658,0.21058881,0.21216106,0.21110722,0.21005337
0,qp09uw,0.19685856,0.19756037,0.1982622,0.19783975,0.1974173
0,qp09ux,0.1701518,0.16944757,0.16874333,0.16866672,0.1685901
0,qp09uz,0.10032573,0.0960525,0.09731947,0.092904165,0.094313204
1,qp09uz,0.08975583,0.095733516,0.09145883,0.09715383,0.09316182
0,qp09v0,0.08551879,0.08483426,0.08685183,0.08318268,0.080881745
1,qp09v0,0.08281918,0.08084656,0.07692922,0.07878654,0.08235801
2,qp09v0,0.079093486,0.08087416,0.08386946,0.08125775,0.082961775
0,qp09v1,0.11361379,0.10922231,0.104830824,0.10717322,0.109515615
0,qp09v2,0.10675255,0.10357739,0.100402236,0.10205513,0.10370802
0,qp09v3,0.10969915,0.10646955,0.103239946,0.10512914,0.10701834
0,qp09v4,0.11762783,0.11501008,0.11239233,0.114361726,0.11633112
0,qp09v6,0.10786263,0.10501701,0.10217138,0.10412172,0.10607207
0,qp09ve,0.10398646,0.10035939,0.09673232,0.099027574,0.10132282
0,qp09vg,0.09622951,0.09286759,0.08950567,0.09185678,0.09420788
0,qp09vj,0.0883581,0.08777134,0.08862878,0.08777331,0.08691892
1,qp09vj,0.08560095,0.08379185,0.08599864,0.083506644,0.08306926
2,qp09vj,0.0828438,0.07981237,0.083368495,0.07923997,0.079219595
3,qp09vj,0.08485018,0.08237213,0.085559934,0.08209985,0.08207234
4,qp09vj,0.08685655,0.084931895,0.08775138,0.08495972,0.084925085
0,qp09vm,0.111030705,0.107765526,0.10450035,0.10743928,0.110378206
0,qp09vn,0.12878746,0.12681122,0.12483498,0.12751693,0.13019887
0,qp09vp,0.13094713,0.12993675,0.1289264,0.13249665,0.13606693
0,qp09vr,0.11513561,0.112351924,0.109568246,0.11300658,0.11644491
0,qp09vs,0.10470727,0.10092813,0.097148985,0.09970941,0.102269836
0,qp09vt,0.1057436,0.1018652,0.0979868,0.10080137,0.10361594
0,qp09vu,0.098277465,0.09497824,0.091679014,0.09385635,0.09603368
0,qp09vv,0.09903994,0.09569344,0.09234694,0.09468095,0.09701496
0,qp09vx,0.107856736,0.10424761,0.10063848,0.10384466,0.10705084
0,qp09vy,0.09773118,0.09432761,0.09092404,0.093779705,0.09663537
0,qp09y1,0.09400251,0.09155099,0.08909948,0.09019943,0.091299385
0,qp09yh,0.09186225,0.08770312,0.08354399,0.08618412,0.08882425
0,qp09yj,0.09478928,0.09148148,0.08817368,0.090336055,0.09249844
0,qp09yp,0.09459942,0.0912395,0.08787957,0.09057333,0.0932671
0,qp0d00,0.14459161,0.1425106,0.14042956,0.13982217,0.13921478
0,qp0d01,0.1349436,0.13150217,0.12806073,0.1276746,0.12728846
0,qp0d02,0.1912419,0.18497625,0.17871058,0.18222605,0.18574151
0,qp0d03,0.17253742,0.16643935,0.1603413,0.16295326,0.16556522
0,qp0d06,0.13688326,0.13295144,0.1290196,0.12895778,0.12889594
0,qp0d07,0.13553694,0.13071471,0.12589248,0.12626025,0.12662804
0,qp0d0c,0.16610678,0.16219148,0.15827619,0.15980256,0.16132894
0,qp0d0f,0.1652451,0.16054103,0.15583697,0.15757403,0.1593111
0,qp0d0h,0.07177319,0.06894782,0.06612246,0.064771235,0.06342001
0,qp0d0j,0.058260977,0.05568525,0.05310952,0.051741026,0.050372534
0,qp0d0k,0.102657884,0.098860696,0.095063515,0.09405038,0.09303725
0,qp0d0m,0.10686311,0.102586426,0.09830974,0.09744611,0.09658247
0,qp0d0n,0.06333558,0.060173504,0.057011425,0.05541818,0.05382493
0,qp0d0q,0.093439415,0.08924837,0.08505732,0.083976544,0.08289577
0,qp0d0t,0.13069056,0.125864,0.12103742,0.121959135,0.12288085
0,qp0d0v,0.1313203,0.12773243,0.12414454,0.12532966,0.12651478
0,qp0d0w,0.10444987,0.10013591,0.09582195,0.095212884,0.09460382
0,qp0d10,0.15636343,0.15203995,0.14771645,0.15082273,0.153929
0,qp0d12,0.1330437,0.128939,0.1248343,0.12919648,0.13355866
0,qp0d13,0.13036726,0.12542322,0.1204792,0.12541138,0.13034356
0,qp0d15,0.15278362,0.14913112,0.14547864,0.14668585,0.14789307
0,qp0d16,0.124647915,0.12020391,0.11575991,0.1202252,0.12469049
0,qp0d18,0.11119369,0.10780782,0.10442196,0.109128416,0.11383488
0,qp0d19,0.112097666,0.10797007,0.10384247,0.1090367,0.11423093
0,qp0d1c,0.090259224,0.08776012,0.08526102,0.08983893,0.09441684
0,qp0d1d,0.10657809,0.10229711,0.09801613,0.10354235,0.10906857
0,qp0d1f,0.09029864,0.08708216,0.083865695,0.0891597,0.0944537
0,qp0d1g,0.089133166,0.086144984,0.08315681,0.088174075,0.09319135
0,qp0d1h,0.1451482,0.14147319,0.13779818,0.13892889,0.14005962
0,qp0d1k,0.11704917,0.11325804,0.10946691,0.1132656,0.11706428
0,qp0d1m,0.119927116,0.1161191,0.11231108,0.11548233,0.11865358
0,qp0d1n,0.12220576,0.11861134,0.11501693,0.116756506,0.11849608
0,qp0d1q,0.11055566,0.106895484,0.103235304,0.10683703,0.11043875
0,qp0d1w,0.099836096,0.095866345,0.09189659,0.097049944,0.102203295
0,qp0d48,0.07641113,0.075329036,0.074246936,0.07477572,0.0753045
0,qp0d49,0.07152434,0.07035373,0.069183126,0.07058182,0.07198052
0,qp0d4b,0.07220102,0.07052317,0.068845324,0.06884391,0.06884249
0,qp0d4c,0.067319766,0.06628306,0.065246366,0.06511418,0.06498199
0,qp0d4d,0.06555649,0.06527887,0.06500126,0.06594683,0.066892415
0,qp0d4e,0.06204988,0.061259594,0.060469307,0.06334776,0.066226214
0,qp0d4f,0.064206995,0.063352995,0.062498994,0.06335654,0.06421409
0,qp0d4g,0.059755504,0.059397902,0.0590403,0.06003222,0.061024137
0,qp0d4n,0.07729419,0.073988706,0.07068321,0.076781355,0.0828795
0,qp0d4q,0.067304455,0.06521036,0.06311625,0.06836365,0.07361104
0,qp0d4t,0.06114976,0.060108937,0.059068114,0.06278089,0.06649365
0,qp0d4u,0.056017593,0.05573596,0.05545433,0.057411052,0.059367776
0,qp0d4v,0.05401972,0.054008387,0.053997055,0.055999544,0.058002032
0,qp0d4w,0.029143125,0.03278844,0.031627547,0.035211615,0.03411197
1,qp0d4w,0.03763479,0.036257174,0.03982,0.03840238,0.04200521
0,qp0d4y,0.05149986,0.051341042,0.051182225,0.05405735,0.05693247
0,qp0d50,0.07450769,0.07286233,0.07121696,0.07084504,0.07047312
0,qp0d51,0.0699838,0.06861824,0.06725267,0.06694399,0.066635296
0,qp0d52,0.078772224,0.07626237,0.07375252,0.073144324,0.072536126
0,qp0d53,0.07064903,0.068429574,0.06621012,0.06582397,0.06543782
0,qp0d54,0.064833775,0.06371823,0.06260268,0.062434204,0.06226573
0,qp0d55,0.060210362,0.05968111,0.059151858,0.058903057,0.058654256
0,qp0d59,0.07728412,0.074508205,0.0717323,0.07078922,0.069846146
0,qp0d5b,0.09206663,0.08808029,0.08409394,0.08394697,0.0838
0,qp0d5f,0.07627878,0.07298929,0.0696998,0.069355965,0.069012135
0,qp0d5g,0.07049404,0.06792191,0.065349765,0.06446327,0.06357679
0,qp0d5m,0.055352956,0.055098925,0.054844894,0.054689832,0.05453477
0,qp0dh0,0.104546495,0.10033342,0.09612034,0.09691714,0.09771393
0,qp0dh2,0.12097278,0.117630556,0.11428833,0.11550978,0.11673122
0,qp0dh4,0.05779981,0.056209903,0.054619998,0.052982457,0.051344916
0,qp0dh5,0.07947388,0.07617387,0.07287387,0.07266705,0.072460234
0,qp0dh6,0.09599212,0.09219088,0.08838964,0.08960187,0.09081409
0,qp0dh7,0.087606564,0.08413843,0.0806703,0.08168252,0.08269474
0,qp0dh8,0.14188991,0.13987023,0.13785052,0.13832408,0.13879764
0,qp0dhc,0.14451323,0.14247428,0.14043532,0.14109,0.1417447
0,qp0dhg,0.10598221,0.10150545,0.097028695,0.099740475,0.10245225
0,qp0dhh,0.072245754,0.06927098,0.066296205,0.06582303,0.065349855
0,qp0dhk,0.072754934,0.06933385,0.06591276,0.0655355,0.06515824
0,qp0dhq,0.069945775,0.067132175,0.06431857,0.06451396,0.06470935
0,qp0dhs,0.08653618,0.08224721,0.07795825,0.079636395,0.08131455
0,qp0dht,0.047887966,0.04843601,0.047059555,0.046831775,0.046231143
1,qp0dht,0.045227543,0.04507826,0.04440286,0.043925375,0.043578178
0,qp0dhv,0.09198239,0.08875486,0.08552733,0.086870275,0.08821322
0,qp0dhw,0.07108826,0.06748515,0.06388204,0.06492526,0.06596848
0,qp0dj0,0.11329461,0.10414928,0.10144609,0.09768473,0.110455245
1,qp0dj0,0.10097523,0.09796871,0.09431122,0.10761589,0.097801186
2,qp0dj0,0.094491325,0.09093772,0.108690165,0.099328235,0.09574248
3,qp0dj0,0.092483684,0.10976444,0.100855276,0.09699364,0.09402965
0,qp0dj3,0.13027625,0.12832661,0.12637697,0.12979752,0.13321808
0,qp0dj4,0.13984689,0.1368725,0.13389811,0.13519247,0.13648683
0,qp0dj5,0.12570396,0.12222078,0.11873759,0.120066896,0.1213962
0,qp0dj6,0.14432234,0.1414176,0.13851285,0.1393775,0.14024216
0,qp0dj7,0.13348514,0.12930441,0.1251237,0.12705633,0.12898898
0,qp0dj8,0.11082361,0.106996804,0.10317,0.10687819,0.11058639
0,qp0dj9,0.11253836,0.10892722,0.10531609,0.1096839,0.11405171
0,qp0djd,0.11048807,0.10811348,0.105738886,0.111339785,0.116940685
0,qp0dje,0.12946856,0.12698364,0.12449872,0.12660001,0.1287013
0,qp0djh,0.11177696,0.107981354,0.10418574,0.10582401,0.10746229
0,qp0djj,0.1032396,0.09999403,0.09674846,0.0980995,0.099450536
0,qp0djk,0.124291025,0.12042755,0.11656407,0.117960006,0.11935595
0,qp0djm,0.112195544,0.1083726,0.10454966,0.10610867,0.107667685
0,qp0djq,0.10402458,0.10009429,0.096164,0.09824497,0.10032594
0,qp0djs,0.13400102,0.13081607,0.12763114,0.12855476,0.1294784
0,qp0djt,0.12696351,0.12353319,0.12010287,0.12112506,0.12214725
0,qp0djy,0.122367814,0.11879613,0.11522445,0.11652899,0.117833525
0,qp0dn1,0.09936233,0.0954712,0.09158008,0.094769835,0.09795959
0,qp0dnj,0.09947847,0.09632981,0.09318115,0.09999659,0.10681203
